source,archive_path,status
/content/drive/MyDrive/tarifit_asr_tfm/models/kabyle_xlsr_tarifit_v1_2_noaug_full8_corrected/checkpoint-770/config.json,MyDrive/models/kabyle_xlsr_tarifit_v1_2_noaug_full8_corrected/checkpoint-770/config.json,included
/content/drive/MyDrive/tarifit_asr_tfm/models/kabyle_xlsr_tarifit_v1_2_noaug_full8_corrected/checkpoint-770/preprocessor_config.json,MyDrive/models/kabyle_xlsr_tarifit_v1_2_noaug_full8_corrected/checkpoint-770/preprocessor_config.json,included
/content/drive/MyDrive/tarifit_asr_tfm/models/kabyle_xlsr_tarifit_v1_2_noaug_full8_corrected/checkpoint-770/tokenizer_config.json,MyDrive/models/kabyle_xlsr_tarifit_v1_2_noaug_full8_corrected/checkpoint-770/tokenizer_config.json,included
/content/drive/MyDrive/tarifit_asr_tfm/models/kabyle_xlsr_tarifit_v1_2_noaug_full8_corrected/checkpoint-770/special_tokens_map.json,MyDrive/models/kabyle_xlsr_tarifit_v1_2_noaug_full8_corrected/checkpoint-770/special_tokens_map.json,included
/content/drive/MyDrive/tarifit_asr_tfm/models/kabyle_xlsr_tarifit_v1_2_noaug_full8_corrected/checkpoint-770/vocab.json,MyDrive/models/kabyle_xlsr_tarifit_v1_2_noaug_full8_corrected/checkpoint-770/vocab.json,included
/content/drive/MyDrive/tarifit_asr_tfm/models/kabyle_xlsr_tarifit_v1_2_noaug_full8_corrected/checkpoint-770/trainer_state.json,MyDrive/models/kabyle_xlsr_tarifit_v1_2_noaug_full8_corrected/checkpoint-770/trainer_state.json,included
/content/drive/MyDrive/tarifit_asr_tfm/models/kabyle_xlsr_tarifit_v1_2_noaug_full8_corrected/checkpoint-880/config.json,MyDrive/models/kabyle_xlsr_tarifit_v1_2_noaug_full8_corrected/checkpoint-880/config.json,included
/content/drive/MyDrive/tarifit_asr_tfm/models/kabyle_xlsr_tarifit_v1_2_noaug_full8_corrected/checkpoint-880/preprocessor_config.json,MyDrive/models/kabyle_xlsr_tarifit_v1_2_noaug_full8_corrected/checkpoint-880/preprocessor_config.json,included
/content/drive/MyDrive/tarifit_asr_tfm/models/kabyle_xlsr_tarifit_v1_2_noaug_full8_corrected/checkpoint-880/tokenizer_config.json,MyDrive/models/kabyle_xlsr_tarifit_v1_2_noaug_full8_corrected/checkpoint-880/tokenizer_config.json,included
/content/drive/MyDrive/tarifit_asr_tfm/models/kabyle_xlsr_tarifit_v1_2_noaug_full8_corrected/checkpoint-880/special_tokens_map.json,MyDrive/models/kabyle_xlsr_tarifit_v1_2_noaug_full8_corrected/checkpoint-880/special_tokens_map.json,included
/content/drive/MyDrive/tarifit_asr_tfm/models/kabyle_xlsr_tarifit_v1_2_noaug_full8_corrected/checkpoint-880/vocab.json,MyDrive/models/kabyle_xlsr_tarifit_v1_2_noaug_full8_corrected/checkpoint-880/vocab.json,included
/content/drive/MyDrive/tarifit_asr_tfm/models/kabyle_xlsr_tarifit_v1_2_noaug_full8_corrected/checkpoint-880/trainer_state.json,MyDrive/models/kabyle_xlsr_tarifit_v1_2_noaug_full8_corrected/checkpoint-880/trainer_state.json,included
/content/drive/MyDrive/tarifit_asr_tfm/models/kabyle_xlsr_tarifit_v1_2_noaug_full8_corrected/best_model/config.json,MyDrive/models/kabyle_xlsr_tarifit_v1_2_noaug_full8_corrected/best_model/config.json,included
/content/drive/MyDrive/tarifit_asr_tfm/models/kabyle_xlsr_tarifit_v1_2_noaug_full8_corrected/best_model/preprocessor_config.json,MyDrive/models/kabyle_xlsr_tarifit_v1_2_noaug_full8_corrected/best_model/preprocessor_config.json,included
/content/drive/MyDrive/tarifit_asr_tfm/models/kabyle_xlsr_tarifit_v1_2_noaug_full8_corrected/best_model/tokenizer_config.json,MyDrive/models/kabyle_xlsr_tarifit_v1_2_noaug_full8_corrected/best_model/tokenizer_config.json,included
/content/drive/MyDrive/tarifit_asr_tfm/models/kabyle_xlsr_tarifit_v1_2_noaug_full8_corrected/best_model/special_tokens_map.json,MyDrive/models/kabyle_xlsr_tarifit_v1_2_noaug_full8_corrected/best_model/special_tokens_map.json,included
/content/drive/MyDrive/tarifit_asr_tfm/models/kabyle_xlsr_tarifit_v1_2_noaug_full8_corrected/best_model/vocab.json,MyDrive/models/kabyle_xlsr_tarifit_v1_2_noaug_full8_corrected/best_model/vocab.json,included
/content/drive/MyDrive/tarifit_asr_tfm/results/kabyle_xlsr_tarifit_v1_2_noaug_full8_corrected/experiment_configuration.json,MyDrive/results/kabyle_xlsr_tarifit_v1_2_noaug_full8_corrected/experiment_configuration.json,included
/content/drive/MyDrive/tarifit_asr_tfm/results/kabyle_xlsr_tarifit_v1_2_noaug_full8_corrected/validation_predictions.csv,MyDrive/results/kabyle_xlsr_tarifit_v1_2_noaug_full8_corrected/validation_predictions.csv,included
/content/drive/MyDrive/tarifit_asr_tfm/results/kabyle_xlsr_tarifit_v1_2_noaug_full8_corrected/training_history.csv,MyDrive/results/kabyle_xlsr_tarifit_v1_2_noaug_full8_corrected/training_history.csv,included
/content/drive/MyDrive/tarifit_asr_tfm/results/kabyle_xlsr_tarifit_v1_2_noaug_full8_corrected/experiment_summary.json,MyDrive/results/kabyle_xlsr_tarifit_v1_2_noaug_full8_corrected/experiment_summary.json,included
/content/drive/MyDrive/tarifit_asr_tfm/results/kabyle_xlsr_zero_shot_and_adapted_final_evaluation/kabyle_xlsr_zero_shot_v1_2_validation_predictions.csv,MyDrive/results/kabyle_xlsr_zero_shot_and_adapted_final_evaluation/kabyle_xlsr_zero_shot_v1_2_validation_predictions.csv,included
/content/drive/MyDrive/tarifit_asr_tfm/results/kabyle_xlsr_zero_shot_and_adapted_final_evaluation/kabyle_xlsr_zero_shot_v1_3_test_predictions.csv,MyDrive/results/kabyle_xlsr_zero_shot_and_adapted_final_evaluation/kabyle_xlsr_zero_shot_v1_3_test_predictions.csv,included
/content/drive/MyDrive/tarifit_asr_tfm/results/kabyle_xlsr_zero_shot_and_adapted_final_evaluation/kabyle_xlsr_adapted_v1_3_test_predictions.csv,MyDrive/results/kabyle_xlsr_zero_shot_and_adapted_final_evaluation/kabyle_xlsr_adapted_v1_3_test_predictions.csv,included
/content/drive/MyDrive/tarifit_asr_tfm/results/kabyle_xlsr_zero_shot_and_adapted_final_evaluation/evaluation_comparison.csv,MyDrive/results/kabyle_xlsr_zero_shot_and_adapted_final_evaluation/evaluation_comparison.csv,included
/content/drive/MyDrive/tarifit_asr_tfm/results/kabyle_xlsr_zero_shot_and_adapted_final_evaluation/evaluation_record.json,MyDrive/results/kabyle_xlsr_zero_shot_and_adapted_final_evaluation/evaluation_record.json,included
/content/drive/Othercomputers/My MacBook Pro/tarifit_asr_tfm/README.md,Othercomputers/README.md,included
/content/drive/Othercomputers/My MacBook Pro/tarifit_asr_tfm/clean_bible_text.py,Othercomputers/clean_bible_text.py,included
/content/drive/Othercomputers/My MacBook Pro/tarifit_asr_tfm/.gitignore,Othercomputers/.gitignore,included
/content/drive/Othercomputers/My MacBook Pro/tarifit_asr_tfm/src/download_audio.py,Othercomputers/src/download_audio.py,included
/content/drive/Othercomputers/My MacBook Pro/tarifit_asr_tfm/src/freeze_corpus_selection.py,Othercomputers/src/freeze_corpus_selection.py,included
/content/drive/Othercomputers/My MacBook Pro/tarifit_asr_tfm/src/segment_audio.py,Othercomputers/src/segment_audio.py,included
/content/drive/Othercomputers/My MacBook Pro/tarifit_asr_tfm/src/create_transcription_pilot.py,Othercomputers/src/create_transcription_pilot.py,included
/content/drive/Othercomputers/My MacBook Pro/tarifit_asr_tfm/src/copy_pilot_audio.py,Othercomputers/src/copy_pilot_audio.py,included
/content/drive/Othercomputers/My MacBook Pro/tarifit_asr_tfm/src/create_manual_transcription_pilot.py,Othercomputers/src/create_manual_transcription_pilot.py,included
/content/drive/Othercomputers/My MacBook Pro/tarifit_asr_tfm/src/manual_transcription_app.py,Othercomputers/src/manual_transcription_app.py,included
/content/drive/Othercomputers/My MacBook Pro/tarifit_asr_tfm/src/apply_final_split.py,Othercomputers/src/apply_final_split.py,included
/content/drive/Othercomputers/My MacBook Pro/tarifit_asr_tfm/src/segment_spk009.py,Othercomputers/src/segment_spk009.py,included
/content/drive/Othercomputers/My MacBook Pro/tarifit_asr_tfm/src/split_long_segment_spk09.py,Othercomputers/src/split_long_segment_spk09.py,included
/content/drive/Othercomputers/My MacBook Pro/tarifit_asr_tfm/src/status_update.py,Othercomputers/src/status_update.py,included
/content/drive/Othercomputers/My MacBook Pro/tarifit_asr_tfm/src/sanity_check.py,Othercomputers/src/sanity_check.py,included
/content/drive/Othercomputers/My MacBook Pro/tarifit_asr_tfm/src/finalize_train_corpus.py,Othercomputers/src/finalize_train_corpus.py,included
/content/drive/Othercomputers/My MacBook Pro/tarifit_asr_tfm/src/append_psk09_segments_csv.py,Othercomputers/src/append_psk09_segments_csv.py,included
/content/drive/Othercomputers/My MacBook Pro/tarifit_asr_tfm/src/validate_full_corpus.py,Othercomputers/src/validate_full_corpus.py,included
/content/drive/Othercomputers/My MacBook Pro/tarifit_asr_tfm/src/prepare_awal_validation.py,Othercomputers/src/prepare_awal_validation.py,included
/content/drive/Othercomputers/My MacBook Pro/tarifit_asr_tfm/src/normalise_spk010.py,Othercomputers/src/normalise_spk010.py,included
/content/drive/Othercomputers/My MacBook Pro/tarifit_asr_tfm/src/append_spk010_segments_metadata.py,Othercomputers/src/append_spk010_segments_metadata.py,included
/content/drive/Othercomputers/My MacBook Pro/tarifit_asr_tfm/src/validate_corpus_v1.py,Othercomputers/src/validate_corpus_v1.py,included
/content/drive/Othercomputers/My MacBook Pro/tarifit_asr_tfm/src/update_spk007_segments_metadata.py,Othercomputers/src/update_spk007_segments_metadata.py,included
/content/drive/Othercomputers/My MacBook Pro/tarifit_asr_tfm/src/update_historical_r_corpus_v11.py,Othercomputers/src/update_historical_r_corpus_v11.py,included
/content/drive/Othercomputers/My MacBook Pro/tarifit_asr_tfm/src/export_corpus_v1.py,Othercomputers/src/export_corpus_v1.py,included
/content/drive/Othercomputers/My MacBook Pro/tarifit_asr_tfm/src/create_test_transcription_csv.py,Othercomputers/src/create_test_transcription_csv.py,included
/content/drive/Othercomputers/My MacBook Pro/tarifit_asr_tfm/src/update_csv_metadata.py,Othercomputers/src/update_csv_metadata.py,included
/content/drive/Othercomputers/My MacBook Pro/tarifit_asr_tfm/src/merge_spk1_spk2_trans.py,Othercomputers/src/merge_spk1_spk2_trans.py,included
/content/drive/Othercomputers/My MacBook Pro/tarifit_asr_tfm/src/normalize_unicode_v1_2.py,Othercomputers/src/normalize_unicode_v1_2.py,included
/content/drive/Othercomputers/My MacBook Pro/tarifit_asr_tfm/src/normalize_orthography_v1_2.py,Othercomputers/src/normalize_orthography_v1_2.py,included
/content/drive/Othercomputers/My MacBook Pro/tarifit_asr_tfm/src/check_test.py,Othercomputers/src/check_test.py,included
/content/drive/Othercomputers/My MacBook Pro/tarifit_asr_tfm/src/update_finale_selection.py,Othercomputers/src/update_finale_selection.py,included
/content/drive/Othercomputers/My MacBook Pro/tarifit_asr_tfm/src/prepare_final_test_v1_3.py,Othercomputers/src/prepare_final_test_v1_3.py,included
/content/drive/Othercomputers/My MacBook Pro/tarifit_asr_tfm/src/normalize_final_test_v1_3.py,Othercomputers/src/normalize_final_test_v1_3.py,included
/content/drive/Othercomputers/My MacBook Pro/tarifit_asr_tfm/src/build_corpus_v1_3.py,Othercomputers/src/build_corpus_v1_3.py,included
/content/drive/Othercomputers/My MacBook Pro/tarifit_asr_tfm/src/build_final_eval_manifest_v1_3.py,Othercomputers/src/build_final_eval_manifest_v1_3.py,included
/content/drive/Othercomputers/My MacBook Pro/tarifit_asr_tfm/src/audit_final_eval_consistency.py,Othercomputers/src/audit_final_eval_consistency.py,included
/content/drive/Othercomputers/My MacBook Pro/tarifit_asr_tfm/src/audit_final_test_style_v1_3.py,Othercomputers/src/audit_final_test_style_v1_3.py,included
/content/drive/Othercomputers/My MacBook Pro/tarifit_asr_tfm/src/audit_final_eval_consistency_fast.py,Othercomputers/src/audit_final_eval_consistency_fast.py,included
/content/drive/Othercomputers/My MacBook Pro/tarifit_asr_tfm/src/make_final_test_review_shortlist.py,Othercomputers/src/make_final_test_review_shortlist.py,included
/content/drive/Othercomputers/My MacBook Pro/tarifit_asr_tfm/src/make_figure_ch3.py,Othercomputers/src/make_figure_ch3.py,included
/content/drive/Othercomputers/My MacBook Pro/tarifit_asr_tfm/data/metadata/transcription_pilot (1).csv,Othercomputers/data/metadata/transcription_pilot (1).csv,included
/content/drive/Othercomputers/My MacBook Pro/tarifit_asr_tfm/data/metadata/transcription_pilot.csv,Othercomputers/data/metadata/transcription_pilot.csv,included
/content/drive/Othercomputers/My MacBook Pro/tarifit_asr_tfm/data/metadata/manual_transcription_pilot.csv,Othercomputers/data/metadata/manual_transcription_pilot.csv,included
/content/drive/Othercomputers/My MacBook Pro/tarifit_asr_tfm/data/metadata/spk009_segments_to_append_before_long_split.csv,Othercomputers/data/metadata/spk009_segments_to_append_before_long_split.csv,included
/content/drive/Othercomputers/My MacBook Pro/tarifit_asr_tfm/data/metadata/spk009_segments_to_append_before_text_cleaning.csv,Othercomputers/data/metadata/spk009_segments_to_append_before_text_cleaning.csv,included
/content/drive/Othercomputers/My MacBook Pro/tarifit_asr_tfm/data/metadata/spk009_segments_to_append.csv,Othercomputers/data/metadata/spk009_segments_to_append.csv,included
/content/drive/Othercomputers/My MacBook Pro/tarifit_asr_tfm/data/metadata/spk007_validation_transcription.csv,Othercomputers/data/metadata/spk007_validation_transcription.csv,included
/content/drive/Othercomputers/My MacBook Pro/tarifit_asr_tfm/data/metadata/segments_metadata_before_spk007_update.csv,Othercomputers/data/metadata/segments_metadata_before_spk007_update.csv,included
/content/drive/Othercomputers/My MacBook Pro/tarifit_asr_tfm/data/metadata/rec138_awal_validation_before_normalization.csv,Othercomputers/data/metadata/rec138_awal_validation_before_normalization.csv,included
/content/drive/Othercomputers/My MacBook Pro/tarifit_asr_tfm/data/metadata/rec138_awal_validation.csv,Othercomputers/data/metadata/rec138_awal_validation.csv,included
/content/drive/Othercomputers/My MacBook Pro/tarifit_asr_tfm/data/metadata/segments_metadata_before_rec138_append.csv,Othercomputers/data/metadata/segments_metadata_before_rec138_append.csv,included
/content/drive/Othercomputers/My MacBook Pro/tarifit_asr_tfm/data/metadata/segments_metadata_before_character_cleanup.csv,Othercomputers/data/metadata/segments_metadata_before_character_cleanup.csv,included
/content/drive/Othercomputers/My MacBook Pro/tarifit_asr_tfm/data/metadata/segments_metadata_before_historical_r_cleanup.csv,Othercomputers/data/metadata/segments_metadata_before_historical_r_cleanup.csv,included
/content/drive/Othercomputers/My MacBook Pro/tarifit_asr_tfm/data/metadata/test_segments_for_transcription.csv,Othercomputers/data/metadata/test_segments_for_transcription.csv,included
/content/drive/Othercomputers/My MacBook Pro/tarifit_asr_tfm/data/metadata/recordings.csv,Othercomputers/data/metadata/recordings.csv,included
/content/drive/Othercomputers/My MacBook Pro/tarifit_asr_tfm/data/metadata/selected_recordings.txt,Othercomputers/data/metadata/selected_recordings.txt,included
/content/drive/Othercomputers/My MacBook Pro/tarifit_asr_tfm/data/metadata/selected_recordings_ov.csv,Othercomputers/data/metadata/selected_recordings_ov.csv,included
/content/drive/Othercomputers/My MacBook Pro/tarifit_asr_tfm/data/metadata/selected_recordings.csv,Othercomputers/data/metadata/selected_recordings.csv,included
/content/drive/Othercomputers/My MacBook Pro/tarifit_asr_tfm/data/metadata/segments_metadata_before_SPK001_SPK002_transcription.csv,Othercomputers/data/metadata/segments_metadata_before_SPK001_SPK002_transcription.csv,included
/content/drive/Othercomputers/My MacBook Pro/tarifit_asr_tfm/data/metadata/segments_metadata.csv,Othercomputers/data/metadata/segments_metadata.csv,included
/content/drive/Othercomputers/My MacBook Pro/tarifit_asr_tfm/data/metadata/transcription_queue_SPK001_SPK002_mms_drafts.csv,Othercomputers/data/metadata/transcription_queue_SPK001_SPK002_mms_drafts.csv,included
/content/drive/Othercomputers/My MacBook Pro/tarifit_asr_tfm/data/metadata/segments_metadata_v1_2_pre_normalization.csv,Othercomputers/data/metadata/segments_metadata_v1_2_pre_normalization.csv,included
/content/drive/Othercomputers/My MacBook Pro/tarifit_asr_tfm/data/metadata/segments_metadata_v1_2_nfc.csv,Othercomputers/data/metadata/segments_metadata_v1_2_nfc.csv,included
/content/drive/Othercomputers/My MacBook Pro/tarifit_asr_tfm/data/metadata/segments_metadata_v1_2_train_val_frozen.csv,Othercomputers/data/metadata/segments_metadata_v1_2_train_val_frozen.csv,included
/content/drive/Othercomputers/My MacBook Pro/tarifit_asr_tfm/data/metadata/transcription_queue_test_REC052_REC059_mms_drafts.csv,Othercomputers/data/metadata/transcription_queue_test_REC052_REC059_mms_drafts.csv,included
/content/drive/Othercomputers/My MacBook Pro/tarifit_asr_tfm/data/metadata/segments_metadata_v1_2.csv,Othercomputers/data/metadata/segments_metadata_v1_2.csv,included
/content/drive/Othercomputers/My MacBook Pro/tarifit_asr_tfm/data/metadata/transcription_queue_test_REC052_REC059_RAW_BACKUP.csv,Othercomputers/data/metadata/transcription_queue_test_REC052_REC059_RAW_BACKUP.csv,included
/content/drive/Othercomputers/My MacBook Pro/tarifit_asr_tfm/data/metadata/transcription_queue_test_REC052_REC059_mms_drafts - transcription_queue_test_REC052_REC059_mms_drafts.csv,Othercomputers/data/metadata/transcription_queue_test_REC052_REC059_mms_drafts - transcription_queue_test_REC052_REC059_mms_drafts.csv,included
/content/drive/Othercomputers/My MacBook Pro/tarifit_asr_tfm/data/metadata/segments_metadata_v1_3.csv,Othercomputers/data/metadata/segments_metadata_v1_3.csv,included
/content/drive/Othercomputers/My MacBook Pro/tarifit_asr_tfm/data/metadata/final_test_v1_3_pre_consistency_review.csv,Othercomputers/data/metadata/final_test_v1_3_pre_consistency_review.csv,included
/content/drive/Othercomputers/My MacBook Pro/tarifit_asr_tfm/data/metadata/final_test_v1_3_pre_normalization.csv,Othercomputers/data/metadata/final_test_v1_3_pre_normalization.csv,included
/content/drive/Othercomputers/My MacBook Pro/tarifit_asr_tfm/data/metadata/final_test_v1_3.csv,Othercomputers/data/metadata/final_test_v1_3.csv,included
/content/drive/Othercomputers/My MacBook Pro/tarifit_asr_tfm/data/metadata/segments_metadata_v1_3_final_eval.csv,Othercomputers/data/metadata/segments_metadata_v1_3_final_eval.csv,included
/content/drive/Othercomputers/My MacBook Pro/tarifit_asr_tfm/data/metadata/backups/segments_metadata_before_final_split_20260801_180326.csv,Othercomputers/data/metadata/backups/segments_metadata_before_final_split_20260801_180326.csv,included
/content/drive/Othercomputers/My MacBook Pro/tarifit_asr_tfm/data/metadata/backups/selected_recordings_before_final_split_20260801_180326.csv,Othercomputers/data/metadata/backups/selected_recordings_before_final_split_20260801_180326.csv,included
/content/drive/Othercomputers/My MacBook Pro/tarifit_asr_tfm/data/metadata/corpus_v1/train.csv,Othercomputers/data/metadata/corpus_v1/train.csv,included
/content/drive/Othercomputers/My MacBook Pro/tarifit_asr_tfm/data/metadata/corpus_v1/validation.csv,Othercomputers/data/metadata/corpus_v1/validation.csv,included
/content/drive/Othercomputers/My MacBook Pro/tarifit_asr_tfm/data/metadata/corpus_v1_1/train.csv,Othercomputers/data/metadata/corpus_v1_1/train.csv,included
/content/drive/Othercomputers/My MacBook Pro/tarifit_asr_tfm/data/metadata/corpus_v1_1/validation.csv,Othercomputers/data/metadata/corpus_v1_1/validation.csv,included
/content/drive/Othercomputers/My MacBook Pro/tarifit_asr_tfm/data/metadata/corpus_v1_1/validation_ctc_excluded.csv,Othercomputers/data/metadata/corpus_v1_1/validation_ctc_excluded.csv,included
/content/drive/Othercomputers/My MacBook Pro/tarifit_asr_tfm/data/metadata/final_eval_review/01_character_issues.csv,Othercomputers/data/metadata/final_eval_review/01_character_issues.csv,included
/content/drive/Othercomputers/My MacBook Pro/tarifit_asr_tfm/data/metadata/final_eval_review/02_formatting_issues.csv,Othercomputers/data/metadata/final_eval_review/02_formatting_issues.csv,included
/content/drive/Othercomputers/My MacBook Pro/tarifit_asr_tfm/data/metadata/final_eval_review/03_test_words_unseen_in_train_val.csv,Othercomputers/data/metadata/final_eval_review/03_test_words_unseen_in_train_val.csv,included
/content/drive/Othercomputers/My MacBook Pro/tarifit_asr_tfm/data/metadata/final_eval_review/08_priority_manual_review.csv,Othercomputers/data/metadata/final_eval_review/08_priority_manual_review.csv,included
/content/drive/Othercomputers/My MacBook Pro/tarifit_asr_tfm/data/metadata/final_eval_review/04_possible_spelling_variants.csv,Othercomputers/data/metadata/final_eval_review/04_possible_spelling_variants.csv,included
/content/drive/Othercomputers/My MacBook Pro/tarifit_asr_tfm/data/metadata/final_eval_review/05_diacritic_variants.csv,Othercomputers/data/metadata/final_eval_review/05_diacritic_variants.csv,included
/content/drive/Othercomputers/My MacBook Pro/tarifit_asr_tfm/data/metadata/final_eval_review/06_possible_word_boundary_variants.csv,Othercomputers/data/metadata/final_eval_review/06_possible_word_boundary_variants.csv,included
/content/drive/Othercomputers/My MacBook Pro/tarifit_asr_tfm/data/metadata/final_eval_review/07_repeated_test_only_forms.csv,Othercomputers/data/metadata/final_eval_review/07_repeated_test_only_forms.csv,included
/content/drive/Othercomputers/My MacBook Pro/tarifit_asr_tfm/notebooks/test.ipynb,Othercomputers/notebooks/test.ipynb,included
/content/drive/Othercomputers/My MacBook Pro/tarifit_asr_tfm/notebooks/03_pilot_segmentation.ipynb,Othercomputers/notebooks/03_pilot_segmentation.ipynb,included
/content/drive/Othercomputers/My MacBook Pro/tarifit_asr_tfm/notebooks/pilot_transcription.ipynb,Othercomputers/notebooks/pilot_transcription.ipynb,included
/content/drive/Othercomputers/My MacBook Pro/tarifit_asr_tfm/results/baseline/whisper_small_zeroshot_validation.csv,Othercomputers/results/baseline/whisper_small_zeroshot_validation.csv,included
/content/drive/Othercomputers/My MacBook Pro/tarifit_asr_tfm/results/baseline/whisper_small_zeroshot_validation_norepeat.csv,Othercomputers/results/baseline/whisper_small_zeroshot_validation_norepeat.csv,included
/content/drive/Othercomputers/My MacBook Pro/tarifit_asr_tfm/results/baseline/whisper_small_zeroshot_validation_norepeat_evaluated.csv,Othercomputers/results/baseline/whisper_small_zeroshot_validation_norepeat_evaluated.csv,included
/content/drive/Othercomputers/My MacBook Pro/tarifit_asr_tfm/results/mms_tarifit/mms_tarifit_validation_predictions.csv,Othercomputers/results/mms_tarifit/mms_tarifit_validation_predictions.csv,included
/content/drive/Othercomputers/My MacBook Pro/tarifit_asr_tfm/results/mms_kenlm/validation_logits_manifest.csv,Othercomputers/results/mms_kenlm/validation_logits_manifest.csv,included
/content/drive/Othercomputers/My MacBook Pro/tarifit_asr_tfm/results/mms_kenlm/lm1_decoder_summary.csv,Othercomputers/results/mms_kenlm/lm1_decoder_summary.csv,included
/content/drive/Othercomputers/My MacBook Pro/tarifit_asr_tfm/results/mms_kenlm/lm1_detailed_predictions.csv,Othercomputers/results/mms_kenlm/lm1_detailed_predictions.csv,included
/content/drive/Othercomputers/My MacBook Pro/tarifit_asr_tfm/results/fadhma_zero_shot/fadhma_300m_validation_results.csv,Othercomputers/results/fadhma_zero_shot/fadhma_300m_validation_results.csv,included
/content/drive/Othercomputers/My MacBook Pro/tarifit_asr_tfm/results/fadhma_zero_shot/fadhma_300m_validation_summary.csv,Othercomputers/results/fadhma_zero_shot/fadhma_300m_validation_summary.csv,included
/content/drive/Othercomputers/My MacBook Pro/tarifit_asr_tfm/results/kabyle_xlsr_zero_shot/kabyle_xlsr_zero_shot_validation_128.csv,Othercomputers/results/kabyle_xlsr_zero_shot/kabyle_xlsr_zero_shot_validation_128.csv,included
/content/drive/Othercomputers/My MacBook Pro/tarifit_asr_tfm/results/kabyle_xlsr_zero_shot/kabyle_xlsr_zero_shot_summary.csv,Othercomputers/results/kabyle_xlsr_zero_shot/kabyle_xlsr_zero_shot_summary.csv,included
/content/drive/Othercomputers/My MacBook Pro/tarifit_asr_tfm/results/kabyle_xlsr_tarifit_v1/kabyle_xlsr_tarifit_validation_128.csv,Othercomputers/results/kabyle_xlsr_tarifit_v1/kabyle_xlsr_tarifit_validation_128.csv,included
/content/drive/Othercomputers/My MacBook Pro/tarifit_asr_tfm/results/kabyle_xlsr_tarifit_v1/kabyle_xlsr_tarifit_summary.csv,Othercomputers/results/kabyle_xlsr_tarifit_v1/kabyle_xlsr_tarifit_summary.csv,included
/content/drive/Othercomputers/My MacBook Pro/tarifit_asr_tfm/results/mms_1b_tarifit_v1_2_noaug/validation_predictions.csv,Othercomputers/results/mms_1b_tarifit_v1_2_noaug/validation_predictions.csv,included
/content/drive/Othercomputers/My MacBook Pro/tarifit_asr_tfm/results/mms_1b_tarifit_v1_2_noaug/training_history.csv,Othercomputers/results/mms_1b_tarifit_v1_2_noaug/training_history.csv,included
/content/drive/Othercomputers/My MacBook Pro/tarifit_asr_tfm/results/mms_1b_tarifit_v1_2_noaug/experiment_summary.json,Othercomputers/results/mms_1b_tarifit_v1_2_noaug/experiment_summary.json,included
/content/drive/Othercomputers/My MacBook Pro/tarifit_asr_tfm/results/mms_1b_tarifit_v1_2_specaug/validation_predictions.csv,Othercomputers/results/mms_1b_tarifit_v1_2_specaug/validation_predictions.csv,included
/content/drive/Othercomputers/My MacBook Pro/tarifit_asr_tfm/results/mms_1b_tarifit_v1_2_specaug/training_history.csv,Othercomputers/results/mms_1b_tarifit_v1_2_specaug/training_history.csv,included
/content/drive/Othercomputers/My MacBook Pro/tarifit_asr_tfm/results/mms_1b_tarifit_v1_2_specaug/experiment_summary.json,Othercomputers/results/mms_1b_tarifit_v1_2_specaug/experiment_summary.json,included
/content/drive/Othercomputers/My MacBook Pro/tarifit_asr_tfm/results/mms_1b_tarifit_v1_2_specaug_speed/validation_predictions.csv,Othercomputers/results/mms_1b_tarifit_v1_2_specaug_speed/validation_predictions.csv,included
/content/drive/Othercomputers/My MacBook Pro/tarifit_asr_tfm/results/mms_1b_tarifit_v1_2_specaug_speed/training_history.csv,Othercomputers/results/mms_1b_tarifit_v1_2_specaug_speed/training_history.csv,included
/content/drive/Othercomputers/My MacBook Pro/tarifit_asr_tfm/results/mms_1b_tarifit_v1_2_specaug_speed/experiment_summary.json,Othercomputers/results/mms_1b_tarifit_v1_2_specaug_speed/experiment_summary.json,included
/content/drive/Othercomputers/My MacBook Pro/tarifit_asr_tfm/results/omniASR_w2v_300m_tarifit_v1_2/training_history.csv,Othercomputers/results/omniASR_w2v_300m_tarifit_v1_2/training_history.csv,included
/content/drive/Othercomputers/My MacBook Pro/tarifit_asr_tfm/results/omniASR_w2v_300m_tarifit_v1_2/validation_predictions.csv,Othercomputers/results/omniASR_w2v_300m_tarifit_v1_2/validation_predictions.csv,included
/content/drive/Othercomputers/My MacBook Pro/tarifit_asr_tfm/results/fadhma_300m_tarifit_v1_2_transfer/training_history.csv,Othercomputers/results/fadhma_300m_tarifit_v1_2_transfer/training_history.csv,included
/content/drive/Othercomputers/My MacBook Pro/tarifit_asr_tfm/results/fadhma_300m_tarifit_v1_2_transfer/validation_predictions.csv,Othercomputers/results/fadhma_300m_tarifit_v1_2_transfer/validation_predictions.csv,included
/content/drive/Othercomputers/My MacBook Pro/tarifit_asr_tfm/results/fadhma_300m_tarifit_v1_2_transfer/experiment_summary.json,Othercomputers/results/fadhma_300m_tarifit_v1_2_transfer/experiment_summary.json,included
/content/drive/Othercomputers/My MacBook Pro/tarifit_asr_tfm/results/mms_1b_tarifit_v1_2_half_bible_specaug/half_bible_training_subset.csv,Othercomputers/results/mms_1b_tarifit_v1_2_half_bible_specaug/half_bible_training_subset.csv,included
/content/drive/Othercomputers/My MacBook Pro/tarifit_asr_tfm/results/mms_1b_tarifit_v1_2_half_bible_specaug/half_bible_training_segment_ids.txt,Othercomputers/results/mms_1b_tarifit_v1_2_half_bible_specaug/half_bible_training_segment_ids.txt,included
/content/drive/Othercomputers/My MacBook Pro/tarifit_asr_tfm/results/mms_1b_tarifit_v1_2_half_bible_specaug/corpus_comparison.csv,Othercomputers/results/mms_1b_tarifit_v1_2_half_bible_specaug/corpus_comparison.csv,included
/content/drive/Othercomputers/My MacBook Pro/tarifit_asr_tfm/results/mms_1b_tarifit_v1_2_half_bible_specaug/training_history.csv,Othercomputers/results/mms_1b_tarifit_v1_2_half_bible_specaug/training_history.csv,included
/content/drive/Othercomputers/My MacBook Pro/tarifit_asr_tfm/results/mms_1b_tarifit_v1_2_half_bible_specaug/validation_predictions.csv,Othercomputers/results/mms_1b_tarifit_v1_2_half_bible_specaug/validation_predictions.csv,included
/content/drive/Othercomputers/My MacBook Pro/tarifit_asr_tfm/results/mms_1b_tarifit_v1_2_half_bible_specaug/validation_comparison.csv,Othercomputers/results/mms_1b_tarifit_v1_2_half_bible_specaug/validation_comparison.csv,included
/content/drive/Othercomputers/My MacBook Pro/tarifit_asr_tfm/results/mms_1b_tarifit_v1_2_half_bible_specaug/experiment_summary.json,Othercomputers/results/mms_1b_tarifit_v1_2_half_bible_specaug/experiment_summary.json,included
/content/drive/Othercomputers/My MacBook Pro/tarifit_asr_tfm/results/omniASR_w2v_300m_tarifit_v1_2_half_bible/half_bible_training_subset.csv,Othercomputers/results/omniASR_w2v_300m_tarifit_v1_2_half_bible/half_bible_training_subset.csv,included
/content/drive/Othercomputers/My MacBook Pro/tarifit_asr_tfm/results/omniASR_w2v_300m_tarifit_v1_2_half_bible/half_bible_training_segment_ids.txt,Othercomputers/results/omniASR_w2v_300m_tarifit_v1_2_half_bible/half_bible_training_segment_ids.txt,included
/content/drive/Othercomputers/My MacBook Pro/tarifit_asr_tfm/results/omniASR_w2v_300m_tarifit_v1_2_half_bible/training_history.csv,Othercomputers/results/omniASR_w2v_300m_tarifit_v1_2_half_bible/training_history.csv,included
/content/drive/Othercomputers/My MacBook Pro/tarifit_asr_tfm/results/omniASR_w2v_300m_tarifit_v1_2_half_bible/validation_predictions.csv,Othercomputers/results/omniASR_w2v_300m_tarifit_v1_2_half_bible/validation_predictions.csv,included
/content/drive/Othercomputers/My MacBook Pro/tarifit_asr_tfm/results/omniASR_w2v_300m_tarifit_v1_2_half_bible/validation_comparison.csv,Othercomputers/results/omniASR_w2v_300m_tarifit_v1_2_half_bible/validation_comparison.csv,included
/content/drive/Othercomputers/My MacBook Pro/tarifit_asr_tfm/results/omniASR_w2v_300m_tarifit_v1_2_half_bible/experiment_summary.json,Othercomputers/results/omniASR_w2v_300m_tarifit_v1_2_half_bible/experiment_summary.json,included
/content/drive/Othercomputers/My MacBook Pro/tarifit_asr_tfm/results/fadhma_300m_tarifit_v1_2_quarter_bible/quarter_bible_training_subset.csv,Othercomputers/results/fadhma_300m_tarifit_v1_2_quarter_bible/quarter_bible_training_subset.csv,included
/content/drive/Othercomputers/My MacBook Pro/tarifit_asr_tfm/results/fadhma_300m_tarifit_v1_2_quarter_bible/quarter_bible_training_segment_ids.txt,Othercomputers/results/fadhma_300m_tarifit_v1_2_quarter_bible/quarter_bible_training_segment_ids.txt,included
/content/drive/Othercomputers/My MacBook Pro/tarifit_asr_tfm/results/final_test_v1_3/final_model_comparison.csv,Othercomputers/results/final_test_v1_3/final_model_comparison.csv,included
/content/drive/Othercomputers/My MacBook Pro/tarifit_asr_tfm/results/final_test_v1_3/baseline_vs_best_finetuned.csv,Othercomputers/results/final_test_v1_3/baseline_vs_best_finetuned.csv,included
/content/drive/Othercomputers/My MacBook Pro/tarifit_asr_tfm/results/final_test_v1_3/baseline_deletion_examples.csv,Othercomputers/results/final_test_v1_3/baseline_deletion_examples.csv,included
/content/drive/Othercomputers/My MacBook Pro/tarifit_asr_tfm/results/final_test_v1_3/finetuned_deletion_examples.csv,Othercomputers/results/final_test_v1_3/finetuned_deletion_examples.csv,included
/content/drive/Othercomputers/My MacBook Pro/tarifit_asr_tfm/results/final_test_v1_3/bootstrap_95ci_final_test.csv,Othercomputers/results/final_test_v1_3/bootstrap_95ci_final_test.csv,included
/content/drive/Othercomputers/My MacBook Pro/tarifit_asr_tfm/results/final_test_v1_3/paired_bootstrap_baseline_vs_best_finetuned.csv,Othercomputers/results/final_test_v1_3/paired_bootstrap_baseline_vs_best_finetuned.csv,included
/content/drive/Othercomputers/My MacBook Pro/tarifit_asr_tfm/results/final_test_v1_3/mms_half_bible_specaug/predictions.csv,Othercomputers/results/final_test_v1_3/mms_half_bible_specaug/predictions.csv,included
/content/drive/Othercomputers/My MacBook Pro/tarifit_asr_tfm/results/final_test_v1_3/mms_half_bible_specaug/per_speaker_metrics.csv,Othercomputers/results/final_test_v1_3/mms_half_bible_specaug/per_speaker_metrics.csv,included
/content/drive/Othercomputers/My MacBook Pro/tarifit_asr_tfm/results/final_test_v1_3/mms_half_bible_specaug/summary.json,Othercomputers/results/final_test_v1_3/mms_half_bible_specaug/summary.json,included
/content/drive/Othercomputers/My MacBook Pro/tarifit_asr_tfm/results/final_test_v1_3/mms_full_specaug/predictions.csv,Othercomputers/results/final_test_v1_3/mms_full_specaug/predictions.csv,included
/content/drive/Othercomputers/My MacBook Pro/tarifit_asr_tfm/results/final_test_v1_3/mms_full_specaug/per_speaker_metrics.csv,Othercomputers/results/final_test_v1_3/mms_full_specaug/per_speaker_metrics.csv,included
/content/drive/Othercomputers/My MacBook Pro/tarifit_asr_tfm/results/final_test_v1_3/mms_full_specaug/summary.json,Othercomputers/results/final_test_v1_3/mms_full_specaug/summary.json,included
/content/drive/Othercomputers/My MacBook Pro/tarifit_asr_tfm/results/final_test_v1_3/fadhma_full/predictions.csv,Othercomputers/results/final_test_v1_3/fadhma_full/predictions.csv,included
/content/drive/Othercomputers/My MacBook Pro/tarifit_asr_tfm/results/final_test_v1_3/fadhma_full/per_speaker_metrics.csv,Othercomputers/results/final_test_v1_3/fadhma_full/per_speaker_metrics.csv,included
/content/drive/Othercomputers/My MacBook Pro/tarifit_asr_tfm/results/final_test_v1_3/fadhma_full/summary.json,Othercomputers/results/final_test_v1_3/fadhma_full/summary.json,included
/content/drive/Othercomputers/My MacBook Pro/tarifit_asr_tfm/results/final_test_v1_3/omni_full/predictions.csv,Othercomputers/results/final_test_v1_3/omni_full/predictions.csv,included
/content/drive/Othercomputers/My MacBook Pro/tarifit_asr_tfm/results/final_test_v1_3/omni_full/per_speaker_metrics.csv,Othercomputers/results/final_test_v1_3/omni_full/per_speaker_metrics.csv,included
/content/drive/Othercomputers/My MacBook Pro/tarifit_asr_tfm/results/final_test_v1_3/omni_full/summary.json,Othercomputers/results/final_test_v1_3/omni_full/summary.json,included
/content/drive/Othercomputers/My MacBook Pro/tarifit_asr_tfm/results/final_test_v1_3/mms_greedy_baseline/predictions.csv,Othercomputers/results/final_test_v1_3/mms_greedy_baseline/predictions.csv,included
/content/drive/Othercomputers/My MacBook Pro/tarifit_asr_tfm/results/final_test_v1_3/mms_greedy_baseline/per_speaker_metrics.csv,Othercomputers/results/final_test_v1_3/mms_greedy_baseline/per_speaker_metrics.csv,included
/content/drive/Othercomputers/My MacBook Pro/tarifit_asr_tfm/results/final_test_v1_3/mms_greedy_baseline/summary.json,Othercomputers/results/final_test_v1_3/mms_greedy_baseline/summary.json,included
/content/drive/Othercomputers/My MacBook Pro/tarifit_asr_tfm/results/final_test_v1_3/whisper_small_zero_shot/predictions.csv,Othercomputers/results/final_test_v1_3/whisper_small_zero_shot/predictions.csv,included
/content/drive/Othercomputers/My MacBook Pro/tarifit_asr_tfm/results/final_test_v1_3/whisper_small_zero_shot/summary.json,Othercomputers/results/final_test_v1_3/whisper_small_zero_shot/summary.json,included
/content/drive/Othercomputers/My MacBook Pro/tarifit_asr_tfm/results/xlsr_300m_tarifit_v1_2_noaug/experiment_configuration.json,Othercomputers/results/xlsr_300m_tarifit_v1_2_noaug/experiment_configuration.json,included
/content/drive/Othercomputers/My MacBook Pro/tarifit_asr_tfm/results/xlsr_300m_tarifit_v1_2_noaug/validation_predictions.csv,Othercomputers/results/xlsr_300m_tarifit_v1_2_noaug/validation_predictions.csv,included
/content/drive/Othercomputers/My MacBook Pro/tarifit_asr_tfm/results/xlsr_300m_tarifit_v1_2_noaug/training_history.csv,Othercomputers/results/xlsr_300m_tarifit_v1_2_noaug/training_history.csv,included
/content/drive/Othercomputers/My MacBook Pro/tarifit_asr_tfm/results/xlsr_300m_tarifit_v1_2_noaug/experiment_summary.json,Othercomputers/results/xlsr_300m_tarifit_v1_2_noaug/experiment_summary.json,included
/content/drive/Othercomputers/My MacBook Pro/tarifit_asr_tfm/results/xlsr_300m_tarifit_v1_2_noaug_full8/experiment_configuration.json,Othercomputers/results/xlsr_300m_tarifit_v1_2_noaug_full8/experiment_configuration.json,included
/content/drive/Othercomputers/My MacBook Pro/tarifit_asr_tfm/results/xlsr_300m_tarifit_v1_2_noaug_full8/validation_predictions.csv,Othercomputers/results/xlsr_300m_tarifit_v1_2_noaug_full8/validation_predictions.csv,included
/content/drive/Othercomputers/My MacBook Pro/tarifit_asr_tfm/results/xlsr_300m_tarifit_v1_2_noaug_full8/training_history.csv,Othercomputers/results/xlsr_300m_tarifit_v1_2_noaug_full8/training_history.csv,included
/content/drive/Othercomputers/My MacBook Pro/tarifit_asr_tfm/results/xlsr_300m_tarifit_v1_2_noaug_full8/experiment_summary.json,Othercomputers/results/xlsr_300m_tarifit_v1_2_noaug_full8/experiment_summary.json,included
/content/drive/Othercomputers/My MacBook Pro/tarifit_asr_tfm/models/whisper_small_corpus_v1/checkpoint-368/config.json,Othercomputers/models/whisper_small_corpus_v1/checkpoint-368/config.json,included
/content/drive/Othercomputers/My MacBook Pro/tarifit_asr_tfm/models/whisper_small_corpus_v1/checkpoint-368/generation_config.json,Othercomputers/models/whisper_small_corpus_v1/checkpoint-368/generation_config.json,included
/content/drive/Othercomputers/My MacBook Pro/tarifit_asr_tfm/models/whisper_small_corpus_v1/checkpoint-368/trainer_state.json,Othercomputers/models/whisper_small_corpus_v1/checkpoint-368/trainer_state.json,included
/content/drive/Othercomputers/My MacBook Pro/tarifit_asr_tfm/models/whisper_small_corpus_v1/checkpoint-920/config.json,Othercomputers/models/whisper_small_corpus_v1/checkpoint-920/config.json,included
/content/drive/Othercomputers/My MacBook Pro/tarifit_asr_tfm/models/whisper_small_corpus_v1/checkpoint-920/generation_config.json,Othercomputers/models/whisper_small_corpus_v1/checkpoint-920/generation_config.json,included
/content/drive/Othercomputers/My MacBook Pro/tarifit_asr_tfm/models/whisper_small_corpus_v1/checkpoint-920/trainer_state.json,Othercomputers/models/whisper_small_corpus_v1/checkpoint-920/trainer_state.json,included
/content/drive/Othercomputers/My MacBook Pro/tarifit_asr_tfm/models/xlsr_300m_corpus_v1/checkpoint-736/config.json,Othercomputers/models/xlsr_300m_corpus_v1/checkpoint-736/config.json,included
/content/drive/Othercomputers/My MacBook Pro/tarifit_asr_tfm/models/xlsr_300m_corpus_v1/checkpoint-736/trainer_state.json,Othercomputers/models/xlsr_300m_corpus_v1/checkpoint-736/trainer_state.json,included
/content/drive/Othercomputers/My MacBook Pro/tarifit_asr_tfm/models/xlsr_300m_corpus_v1/checkpoint-920/config.json,Othercomputers/models/xlsr_300m_corpus_v1/checkpoint-920/config.json,included
/content/drive/Othercomputers/My MacBook Pro/tarifit_asr_tfm/models/xlsr_300m_corpus_v1/checkpoint-920/trainer_state.json,Othercomputers/models/xlsr_300m_corpus_v1/checkpoint-920/trainer_state.json,included
/content/drive/Othercomputers/My MacBook Pro/tarifit_asr_tfm/models/xlsr_300m_X2_corpus_v1_1/checkpoint-552/config.json,Othercomputers/models/xlsr_300m_X2_corpus_v1_1/checkpoint-552/config.json,included
/content/drive/Othercomputers/My MacBook Pro/tarifit_asr_tfm/models/xlsr_300m_X2_corpus_v1_1/checkpoint-552/trainer_state.json,Othercomputers/models/xlsr_300m_X2_corpus_v1_1/checkpoint-552/trainer_state.json,included
/content/drive/Othercomputers/My MacBook Pro/tarifit_asr_tfm/models/xlsr_300m_X2_corpus_v1_1/checkpoint-1104/config.json,Othercomputers/models/xlsr_300m_X2_corpus_v1_1/checkpoint-1104/config.json,included
/content/drive/Othercomputers/My MacBook Pro/tarifit_asr_tfm/models/xlsr_300m_X2_corpus_v1_1/checkpoint-1104/trainer_state.json,Othercomputers/models/xlsr_300m_X2_corpus_v1_1/checkpoint-1104/trainer_state.json,included
/content/drive/Othercomputers/My MacBook Pro/tarifit_asr_tfm/models/mms_tarifit_finetuned_v1_1/checkpoint-184/config.json,Othercomputers/models/mms_tarifit_finetuned_v1_1/checkpoint-184/config.json,included
/content/drive/Othercomputers/My MacBook Pro/tarifit_asr_tfm/models/mms_tarifit_finetuned_v1_1/checkpoint-184/trainer_state.json,Othercomputers/models/mms_tarifit_finetuned_v1_1/checkpoint-184/trainer_state.json,included
/content/drive/Othercomputers/My MacBook Pro/tarifit_asr_tfm/models/mms_tarifit_finetuned_v1_1/checkpoint-368/config.json,Othercomputers/models/mms_tarifit_finetuned_v1_1/checkpoint-368/config.json,included
/content/drive/Othercomputers/My MacBook Pro/tarifit_asr_tfm/models/mms_tarifit_finetuned_v1_1/checkpoint-368/trainer_state.json,Othercomputers/models/mms_tarifit_finetuned_v1_1/checkpoint-368/trainer_state.json,included
/content/drive/Othercomputers/My MacBook Pro/tarifit_asr_tfm/models/mms_tarifit_finetuned_v1_1/checkpoint-552/config.json,Othercomputers/models/mms_tarifit_finetuned_v1_1/checkpoint-552/config.json,included
/content/drive/Othercomputers/My MacBook Pro/tarifit_asr_tfm/models/mms_tarifit_finetuned_v1_1/checkpoint-552/trainer_state.json,Othercomputers/models/mms_tarifit_finetuned_v1_1/checkpoint-552/trainer_state.json,included
/content/drive/Othercomputers/My MacBook Pro/tarifit_asr_tfm/models/mms_M2_adapter_v1_1/checkpoint-184/config.json,Othercomputers/models/mms_M2_adapter_v1_1/checkpoint-184/config.json,included
/content/drive/Othercomputers/My MacBook Pro/tarifit_asr_tfm/models/mms_M2_adapter_v1_1/checkpoint-184/trainer_state.json,Othercomputers/models/mms_M2_adapter_v1_1/checkpoint-184/trainer_state.json,included
/content/drive/Othercomputers/My MacBook Pro/tarifit_asr_tfm/models/mms_M2_adapter_v1_1/checkpoint-368/config.json,Othercomputers/models/mms_M2_adapter_v1_1/checkpoint-368/config.json,included
/content/drive/Othercomputers/My MacBook Pro/tarifit_asr_tfm/models/mms_M2_adapter_v1_1/checkpoint-368/trainer_state.json,Othercomputers/models/mms_M2_adapter_v1_1/checkpoint-368/trainer_state.json,included
/content/drive/Othercomputers/My MacBook Pro/tarifit_asr_tfm/models/mms_M2_adapter_v1_1/checkpoint-552/config.json,Othercomputers/models/mms_M2_adapter_v1_1/checkpoint-552/config.json,included
/content/drive/Othercomputers/My MacBook Pro/tarifit_asr_tfm/models/mms_M2b_tarifit_v1_1/checkpoint-184/config.json,Othercomputers/models/mms_M2b_tarifit_v1_1/checkpoint-184/config.json,included
/content/drive/Othercomputers/My MacBook Pro/tarifit_asr_tfm/models/mms_M2b_tarifit_v1_1/checkpoint-184/trainer_state.json,Othercomputers/models/mms_M2b_tarifit_v1_1/checkpoint-184/trainer_state.json,included
/content/drive/Othercomputers/My MacBook Pro/tarifit_asr_tfm/models/mms_M2b_tarifit_v1_1/checkpoint-368/config.json,Othercomputers/models/mms_M2b_tarifit_v1_1/checkpoint-368/config.json,included
/content/drive/Othercomputers/My MacBook Pro/tarifit_asr_tfm/models/mms_M2b_tarifit_v1_1/checkpoint-552/config.json,Othercomputers/models/mms_M2b_tarifit_v1_1/checkpoint-552/config.json,included
/content/drive/Othercomputers/My MacBook Pro/tarifit_asr_tfm/models/mms_M2b_tarifit_v1_1/checkpoint-552/trainer_state.json,Othercomputers/models/mms_M2b_tarifit_v1_1/checkpoint-552/trainer_state.json,included
/content/drive/Othercomputers/My MacBook Pro/tarifit_asr_tfm/models/omniasr_w2v_300m_tarifit_v1/checkpoint-184/config.json,Othercomputers/models/omniasr_w2v_300m_tarifit_v1/checkpoint-184/config.json,included
/content/drive/Othercomputers/My MacBook Pro/tarifit_asr_tfm/models/omniasr_w2v_300m_tarifit_v1/checkpoint-184/trainer_state.json,Othercomputers/models/omniasr_w2v_300m_tarifit_v1/checkpoint-184/trainer_state.json,included
/content/drive/Othercomputers/My MacBook Pro/tarifit_asr_tfm/models/omniasr_w2v_300m_tarifit_v1/checkpoint-368/config.json,Othercomputers/models/omniasr_w2v_300m_tarifit_v1/checkpoint-368/config.json,included
/content/drive/Othercomputers/My MacBook Pro/tarifit_asr_tfm/models/omniasr_w2v_300m_tarifit_v1/checkpoint-368/trainer_state.json,Othercomputers/models/omniasr_w2v_300m_tarifit_v1/checkpoint-368/trainer_state.json,included
/content/drive/Othercomputers/My MacBook Pro/tarifit_asr_tfm/models/omniasr_w2v_300m_tarifit_v1/checkpoint-552/config.json,Othercomputers/models/omniasr_w2v_300m_tarifit_v1/checkpoint-552/config.json,included
/content/drive/Othercomputers/My MacBook Pro/tarifit_asr_tfm/models/omniasr_w2v_300m_tarifit_v1/checkpoint-552/trainer_state.json,Othercomputers/models/omniasr_w2v_300m_tarifit_v1/checkpoint-552/trainer_state.json,included
/content/drive/Othercomputers/My MacBook Pro/tarifit_asr_tfm/models/kabyle_xlsr_tarifit_v1/checkpoint-184/config.json,Othercomputers/models/kabyle_xlsr_tarifit_v1/checkpoint-184/config.json,included
/content/drive/Othercomputers/My MacBook Pro/tarifit_asr_tfm/models/kabyle_xlsr_tarifit_v1/checkpoint-184/trainer_state.json,Othercomputers/models/kabyle_xlsr_tarifit_v1/checkpoint-184/trainer_state.json,included
/content/drive/Othercomputers/My MacBook Pro/tarifit_asr_tfm/models/kabyle_xlsr_tarifit_v1/checkpoint-368/trainer_state.json,Othercomputers/models/kabyle_xlsr_tarifit_v1/checkpoint-368/trainer_state.json,included
/content/drive/Othercomputers/My MacBook Pro/tarifit_asr_tfm/models/kabyle_xlsr_tarifit_v1/checkpoint-552/config.json,Othercomputers/models/kabyle_xlsr_tarifit_v1/checkpoint-552/config.json,included
/content/drive/Othercomputers/My MacBook Pro/tarifit_asr_tfm/models/kabyle_xlsr_tarifit_v1/checkpoint-552/trainer_state.json,Othercomputers/models/kabyle_xlsr_tarifit_v1/checkpoint-552/trainer_state.json,included
/content/drive/Othercomputers/My MacBook Pro/tarifit_asr_tfm/models/kabyle_xlsr_tarifit_v1_best_backup/config.json,Othercomputers/models/kabyle_xlsr_tarifit_v1_best_backup/config.json,included
/content/drive/Othercomputers/My MacBook Pro/tarifit_asr_tfm/models/kabyle_xlsr_tarifit_v1_best_backup/tokenizer_config.json,Othercomputers/models/kabyle_xlsr_tarifit_v1_best_backup/tokenizer_config.json,included
/content/drive/Othercomputers/My MacBook Pro/tarifit_asr_tfm/models/kabyle_xlsr_tarifit_v1_best_backup/added_tokens.json,Othercomputers/models/kabyle_xlsr_tarifit_v1_best_backup/added_tokens.json,included
/content/drive/Othercomputers/My MacBook Pro/tarifit_asr_tfm/models/kabyle_xlsr_tarifit_v1_best_backup/vocab.json,Othercomputers/models/kabyle_xlsr_tarifit_v1_best_backup/vocab.json,included
/content/drive/Othercomputers/My MacBook Pro/tarifit_asr_tfm/models/kabyle_xlsr_tarifit_v1_best_backup/processor_config.json,Othercomputers/models/kabyle_xlsr_tarifit_v1_best_backup/processor_config.json,included
/content/drive/Othercomputers/My MacBook Pro/tarifit_asr_tfm/models/kabyle_xlsr_tarifit_v1_best_backup/best_cer.txt,Othercomputers/models/kabyle_xlsr_tarifit_v1_best_backup/best_cer.txt,included
/content/drive/Othercomputers/My MacBook Pro/tarifit_asr_tfm/models/fadhma_300m_tarifit_v1_1/checkpoint-184/config.json,Othercomputers/models/fadhma_300m_tarifit_v1_1/checkpoint-184/config.json,included
/content/drive/Othercomputers/My MacBook Pro/tarifit_asr_tfm/models/fadhma_300m_tarifit_v1_1/checkpoint-184/trainer_state.json,Othercomputers/models/fadhma_300m_tarifit_v1_1/checkpoint-184/trainer_state.json,included
/content/drive/Othercomputers/My MacBook Pro/tarifit_asr_tfm/models/fadhma_300m_tarifit_v1_1/checkpoint-368/config.json,Othercomputers/models/fadhma_300m_tarifit_v1_1/checkpoint-368/config.json,included
/content/drive/Othercomputers/My MacBook Pro/tarifit_asr_tfm/models/fadhma_300m_tarifit_v1_1/checkpoint-368/trainer_state.json,Othercomputers/models/fadhma_300m_tarifit_v1_1/checkpoint-368/trainer_state.json,included
/content/drive/Othercomputers/My MacBook Pro/tarifit_asr_tfm/models/fadhma_300m_tarifit_v1_1/checkpoint-552/config.json,Othercomputers/models/fadhma_300m_tarifit_v1_1/checkpoint-552/config.json,included
/content/drive/Othercomputers/My MacBook Pro/tarifit_asr_tfm/models/fadhma_300m_tarifit_v1_1/checkpoint-552/trainer_state.json,Othercomputers/models/fadhma_300m_tarifit_v1_1/checkpoint-552/trainer_state.json,included
/content/drive/Othercomputers/My MacBook Pro/tarifit_asr_tfm/models/fadhma_300m_tarifit_v1_1_best_backup/config.json,Othercomputers/models/fadhma_300m_tarifit_v1_1_best_backup/config.json,included
/content/drive/Othercomputers/My MacBook Pro/tarifit_asr_tfm/models/fadhma_300m_tarifit_v1_1_best_backup/tokenizer_config.json,Othercomputers/models/fadhma_300m_tarifit_v1_1_best_backup/tokenizer_config.json,included
/content/drive/Othercomputers/My MacBook Pro/tarifit_asr_tfm/models/fadhma_300m_tarifit_v1_1_best_backup/added_tokens.json,Othercomputers/models/fadhma_300m_tarifit_v1_1_best_backup/added_tokens.json,included
/content/drive/Othercomputers/My MacBook Pro/tarifit_asr_tfm/models/fadhma_300m_tarifit_v1_1_best_backup/vocab.json,Othercomputers/models/fadhma_300m_tarifit_v1_1_best_backup/vocab.json,included
/content/drive/Othercomputers/My MacBook Pro/tarifit_asr_tfm/models/fadhma_300m_tarifit_v1_1_best_backup/processor_config.json,Othercomputers/models/fadhma_300m_tarifit_v1_1_best_backup/processor_config.json,included
/content/drive/Othercomputers/My MacBook Pro/tarifit_asr_tfm/models/fadhma_300m_tarifit_v1_1_best_backup/best_cer.txt,Othercomputers/models/fadhma_300m_tarifit_v1_1_best_backup/best_cer.txt,included
/content/drive/Othercomputers/My MacBook Pro/tarifit_asr_tfm/models/mms_1b_tarifit_v1_2_noaug/best_adapter_info.json,Othercomputers/models/mms_1b_tarifit_v1_2_noaug/best_adapter_info.json,included
/content/drive/Othercomputers/My MacBook Pro/tarifit_asr_tfm/models/mms_1b_tarifit_v1_2_noaug/trainer_state/checkpoint-330/config.json,Othercomputers/models/mms_1b_tarifit_v1_2_noaug/trainer_state/checkpoint-330/config.json,included
/content/drive/Othercomputers/My MacBook Pro/tarifit_asr_tfm/models/mms_1b_tarifit_v1_2_noaug/trainer_state/checkpoint-330/preprocessor_config.json,Othercomputers/models/mms_1b_tarifit_v1_2_noaug/trainer_state/checkpoint-330/preprocessor_config.json,included
/content/drive/Othercomputers/My MacBook Pro/tarifit_asr_tfm/models/mms_1b_tarifit_v1_2_noaug/trainer_state/checkpoint-330/trainer_state.json,Othercomputers/models/mms_1b_tarifit_v1_2_noaug/trainer_state/checkpoint-330/trainer_state.json,included
/content/drive/Othercomputers/My MacBook Pro/tarifit_asr_tfm/models/mms_1b_tarifit_v1_2_noaug/trainer_state/checkpoint-440/config.json,Othercomputers/models/mms_1b_tarifit_v1_2_noaug/trainer_state/checkpoint-440/config.json,included
/content/drive/Othercomputers/My MacBook Pro/tarifit_asr_tfm/models/mms_1b_tarifit_v1_2_noaug/trainer_state/checkpoint-440/preprocessor_config.json,Othercomputers/models/mms_1b_tarifit_v1_2_noaug/trainer_state/checkpoint-440/preprocessor_config.json,included
/content/drive/Othercomputers/My MacBook Pro/tarifit_asr_tfm/models/mms_1b_tarifit_v1_2_noaug/trainer_state/checkpoint-440/trainer_state.json,Othercomputers/models/mms_1b_tarifit_v1_2_noaug/trainer_state/checkpoint-440/trainer_state.json,included
/content/drive/Othercomputers/My MacBook Pro/tarifit_asr_tfm/models/mms_1b_tarifit_v1_2_noaug/processor/preprocessor_config.json,Othercomputers/models/mms_1b_tarifit_v1_2_noaug/processor/preprocessor_config.json,included
/content/drive/Othercomputers/My MacBook Pro/tarifit_asr_tfm/models/mms_1b_tarifit_v1_2_noaug/processor/tokenizer_config.json,Othercomputers/models/mms_1b_tarifit_v1_2_noaug/processor/tokenizer_config.json,included
/content/drive/Othercomputers/My MacBook Pro/tarifit_asr_tfm/models/mms_1b_tarifit_v1_2_noaug/processor/special_tokens_map.json,Othercomputers/models/mms_1b_tarifit_v1_2_noaug/processor/special_tokens_map.json,included
/content/drive/Othercomputers/My MacBook Pro/tarifit_asr_tfm/models/mms_1b_tarifit_v1_2_noaug/processor/vocab.json,Othercomputers/models/mms_1b_tarifit_v1_2_noaug/processor/vocab.json,included
/content/drive/Othercomputers/My MacBook Pro/tarifit_asr_tfm/models/mms_1b_tarifit_v1_2_noaug/config/config.json,Othercomputers/models/mms_1b_tarifit_v1_2_noaug/config/config.json,included
/content/drive/Othercomputers/My MacBook Pro/tarifit_asr_tfm/models/mms_1b_tarifit_v1_2_specaug/best_adapter_info.json,Othercomputers/models/mms_1b_tarifit_v1_2_specaug/best_adapter_info.json,included
/content/drive/Othercomputers/My MacBook Pro/tarifit_asr_tfm/models/mms_1b_tarifit_v1_2_specaug/trainer_state/checkpoint-440/config.json,Othercomputers/models/mms_1b_tarifit_v1_2_specaug/trainer_state/checkpoint-440/config.json,included
/content/drive/Othercomputers/My MacBook Pro/tarifit_asr_tfm/models/mms_1b_tarifit_v1_2_specaug/trainer_state/checkpoint-440/preprocessor_config.json,Othercomputers/models/mms_1b_tarifit_v1_2_specaug/trainer_state/checkpoint-440/preprocessor_config.json,included
/content/drive/Othercomputers/My MacBook Pro/tarifit_asr_tfm/models/mms_1b_tarifit_v1_2_specaug/trainer_state/checkpoint-440/trainer_state.json,Othercomputers/models/mms_1b_tarifit_v1_2_specaug/trainer_state/checkpoint-440/trainer_state.json,included
/content/drive/Othercomputers/My MacBook Pro/tarifit_asr_tfm/models/mms_1b_tarifit_v1_2_specaug/processor/preprocessor_config.json,Othercomputers/models/mms_1b_tarifit_v1_2_specaug/processor/preprocessor_config.json,included
/content/drive/Othercomputers/My MacBook Pro/tarifit_asr_tfm/models/mms_1b_tarifit_v1_2_specaug/processor/tokenizer_config.json,Othercomputers/models/mms_1b_tarifit_v1_2_specaug/processor/tokenizer_config.json,included
/content/drive/Othercomputers/My MacBook Pro/tarifit_asr_tfm/models/mms_1b_tarifit_v1_2_specaug/processor/special_tokens_map.json,Othercomputers/models/mms_1b_tarifit_v1_2_specaug/processor/special_tokens_map.json,included
/content/drive/Othercomputers/My MacBook Pro/tarifit_asr_tfm/models/mms_1b_tarifit_v1_2_specaug/processor/vocab.json,Othercomputers/models/mms_1b_tarifit_v1_2_specaug/processor/vocab.json,included
/content/drive/Othercomputers/My MacBook Pro/tarifit_asr_tfm/models/mms_1b_tarifit_v1_2_specaug/config/config.json,Othercomputers/models/mms_1b_tarifit_v1_2_specaug/config/config.json,included
/content/drive/Othercomputers/My MacBook Pro/tarifit_asr_tfm/models/mms_1b_tarifit_v1_2_specaug_speed/best_adapter_info.json,Othercomputers/models/mms_1b_tarifit_v1_2_specaug_speed/best_adapter_info.json,included
/content/drive/Othercomputers/My MacBook Pro/tarifit_asr_tfm/models/mms_1b_tarifit_v1_2_specaug_speed/trainer_state/checkpoint-440/config.json,Othercomputers/models/mms_1b_tarifit_v1_2_specaug_speed/trainer_state/checkpoint-440/config.json,included
/content/drive/Othercomputers/My MacBook Pro/tarifit_asr_tfm/models/mms_1b_tarifit_v1_2_specaug_speed/trainer_state/checkpoint-440/preprocessor_config.json,Othercomputers/models/mms_1b_tarifit_v1_2_specaug_speed/trainer_state/checkpoint-440/preprocessor_config.json,included
/content/drive/Othercomputers/My MacBook Pro/tarifit_asr_tfm/models/mms_1b_tarifit_v1_2_specaug_speed/trainer_state/checkpoint-440/trainer_state.json,Othercomputers/models/mms_1b_tarifit_v1_2_specaug_speed/trainer_state/checkpoint-440/trainer_state.json,included
/content/drive/Othercomputers/My MacBook Pro/tarifit_asr_tfm/models/mms_1b_tarifit_v1_2_specaug_speed/processor/preprocessor_config.json,Othercomputers/models/mms_1b_tarifit_v1_2_specaug_speed/processor/preprocessor_config.json,included
/content/drive/Othercomputers/My MacBook Pro/tarifit_asr_tfm/models/mms_1b_tarifit_v1_2_specaug_speed/processor/tokenizer_config.json,Othercomputers/models/mms_1b_tarifit_v1_2_specaug_speed/processor/tokenizer_config.json,included
/content/drive/Othercomputers/My MacBook Pro/tarifit_asr_tfm/models/mms_1b_tarifit_v1_2_specaug_speed/processor/special_tokens_map.json,Othercomputers/models/mms_1b_tarifit_v1_2_specaug_speed/processor/special_tokens_map.json,included
/content/drive/Othercomputers/My MacBook Pro/tarifit_asr_tfm/models/mms_1b_tarifit_v1_2_specaug_speed/processor/vocab.json,Othercomputers/models/mms_1b_tarifit_v1_2_specaug_speed/processor/vocab.json,included
/content/drive/Othercomputers/My MacBook Pro/tarifit_asr_tfm/models/mms_1b_tarifit_v1_2_specaug_speed/config/config.json,Othercomputers/models/mms_1b_tarifit_v1_2_specaug_speed/config/config.json,included
/content/drive/Othercomputers/My MacBook Pro/tarifit_asr_tfm/models/omniASR_w2v_300m_tarifit_v1_2/checkpoint-660/config.json,Othercomputers/models/omniASR_w2v_300m_tarifit_v1_2/checkpoint-660/config.json,included
/content/drive/Othercomputers/My MacBook Pro/tarifit_asr_tfm/models/omniASR_w2v_300m_tarifit_v1_2/checkpoint-660/preprocessor_config.json,Othercomputers/models/omniASR_w2v_300m_tarifit_v1_2/checkpoint-660/preprocessor_config.json,included
/content/drive/Othercomputers/My MacBook Pro/tarifit_asr_tfm/models/omniASR_w2v_300m_tarifit_v1_2/checkpoint-660/trainer_state.json,Othercomputers/models/omniASR_w2v_300m_tarifit_v1_2/checkpoint-660/trainer_state.json,included
/content/drive/Othercomputers/My MacBook Pro/tarifit_asr_tfm/models/omniASR_w2v_300m_tarifit_v1_2/checkpoint-880/config.json,Othercomputers/models/omniASR_w2v_300m_tarifit_v1_2/checkpoint-880/config.json,included
/content/drive/Othercomputers/My MacBook Pro/tarifit_asr_tfm/models/omniASR_w2v_300m_tarifit_v1_2/checkpoint-880/preprocessor_config.json,Othercomputers/models/omniASR_w2v_300m_tarifit_v1_2/checkpoint-880/preprocessor_config.json,included
/content/drive/Othercomputers/My MacBook Pro/tarifit_asr_tfm/models/omniASR_w2v_300m_tarifit_v1_2/checkpoint-880/trainer_state.json,Othercomputers/models/omniASR_w2v_300m_tarifit_v1_2/checkpoint-880/trainer_state.json,included
/content/drive/Othercomputers/My MacBook Pro/tarifit_asr_tfm/models/omniASR_w2v_300m_tarifit_v1_2/best_model/config.json,Othercomputers/models/omniASR_w2v_300m_tarifit_v1_2/best_model/config.json,included
/content/drive/Othercomputers/My MacBook Pro/tarifit_asr_tfm/models/omniASR_w2v_300m_tarifit_v1_2/best_model/preprocessor_config.json,Othercomputers/models/omniASR_w2v_300m_tarifit_v1_2/best_model/preprocessor_config.json,included
/content/drive/Othercomputers/My MacBook Pro/tarifit_asr_tfm/models/omniASR_w2v_300m_tarifit_v1_2/best_model/tokenizer_config.json,Othercomputers/models/omniASR_w2v_300m_tarifit_v1_2/best_model/tokenizer_config.json,included
/content/drive/Othercomputers/My MacBook Pro/tarifit_asr_tfm/models/omniASR_w2v_300m_tarifit_v1_2/best_model/special_tokens_map.json,Othercomputers/models/omniASR_w2v_300m_tarifit_v1_2/best_model/special_tokens_map.json,included
/content/drive/Othercomputers/My MacBook Pro/tarifit_asr_tfm/models/omniASR_w2v_300m_tarifit_v1_2/best_model/vocab.json,Othercomputers/models/omniASR_w2v_300m_tarifit_v1_2/best_model/vocab.json,included
/content/drive/Othercomputers/My MacBook Pro/tarifit_asr_tfm/models/fadhma_300m_tarifit_v1_2_transfer/checkpoint-330/config.json,Othercomputers/models/fadhma_300m_tarifit_v1_2_transfer/checkpoint-330/config.json,included
/content/drive/Othercomputers/My MacBook Pro/tarifit_asr_tfm/models/fadhma_300m_tarifit_v1_2_transfer/checkpoint-330/preprocessor_config.json,Othercomputers/models/fadhma_300m_tarifit_v1_2_transfer/checkpoint-330/preprocessor_config.json,included
/content/drive/Othercomputers/My MacBook Pro/tarifit_asr_tfm/models/fadhma_300m_tarifit_v1_2_transfer/checkpoint-330/trainer_state.json,Othercomputers/models/fadhma_300m_tarifit_v1_2_transfer/checkpoint-330/trainer_state.json,included
/content/drive/Othercomputers/My MacBook Pro/tarifit_asr_tfm/models/fadhma_300m_tarifit_v1_2_transfer/checkpoint-550/config.json,Othercomputers/models/fadhma_300m_tarifit_v1_2_transfer/checkpoint-550/config.json,included
/content/drive/Othercomputers/My MacBook Pro/tarifit_asr_tfm/models/fadhma_300m_tarifit_v1_2_transfer/checkpoint-550/preprocessor_config.json,Othercomputers/models/fadhma_300m_tarifit_v1_2_transfer/checkpoint-550/preprocessor_config.json,included
/content/drive/Othercomputers/My MacBook Pro/tarifit_asr_tfm/models/fadhma_300m_tarifit_v1_2_transfer/checkpoint-550/trainer_state.json,Othercomputers/models/fadhma_300m_tarifit_v1_2_transfer/checkpoint-550/trainer_state.json,included
/content/drive/Othercomputers/My MacBook Pro/tarifit_asr_tfm/models/fadhma_300m_tarifit_v1_2_transfer/best_model/config.json,Othercomputers/models/fadhma_300m_tarifit_v1_2_transfer/best_model/config.json,included
/content/drive/Othercomputers/My MacBook Pro/tarifit_asr_tfm/models/fadhma_300m_tarifit_v1_2_transfer/best_model/preprocessor_config.json,Othercomputers/models/fadhma_300m_tarifit_v1_2_transfer/best_model/preprocessor_config.json,included
/content/drive/Othercomputers/My MacBook Pro/tarifit_asr_tfm/models/fadhma_300m_tarifit_v1_2_transfer/best_model/tokenizer_config.json,Othercomputers/models/fadhma_300m_tarifit_v1_2_transfer/best_model/tokenizer_config.json,included
/content/drive/Othercomputers/My MacBook Pro/tarifit_asr_tfm/models/fadhma_300m_tarifit_v1_2_transfer/best_model/special_tokens_map.json,Othercomputers/models/fadhma_300m_tarifit_v1_2_transfer/best_model/special_tokens_map.json,included
/content/drive/Othercomputers/My MacBook Pro/tarifit_asr_tfm/models/fadhma_300m_tarifit_v1_2_transfer/best_model/vocab.json,Othercomputers/models/fadhma_300m_tarifit_v1_2_transfer/best_model/vocab.json,included
/content/drive/Othercomputers/My MacBook Pro/tarifit_asr_tfm/models/mms_1b_tarifit_v1_2_half_bible_specaug/checkpoint-393/config.json,Othercomputers/models/mms_1b_tarifit_v1_2_half_bible_specaug/checkpoint-393/config.json,included
/content/drive/Othercomputers/My MacBook Pro/tarifit_asr_tfm/models/mms_1b_tarifit_v1_2_half_bible_specaug/checkpoint-393/preprocessor_config.json,Othercomputers/models/mms_1b_tarifit_v1_2_half_bible_specaug/checkpoint-393/preprocessor_config.json,included
/content/drive/Othercomputers/My MacBook Pro/tarifit_asr_tfm/models/mms_1b_tarifit_v1_2_half_bible_specaug/checkpoint-393/tokenizer_config.json,Othercomputers/models/mms_1b_tarifit_v1_2_half_bible_specaug/checkpoint-393/tokenizer_config.json,included
/content/drive/Othercomputers/My MacBook Pro/tarifit_asr_tfm/models/mms_1b_tarifit_v1_2_half_bible_specaug/checkpoint-393/special_tokens_map.json,Othercomputers/models/mms_1b_tarifit_v1_2_half_bible_specaug/checkpoint-393/special_tokens_map.json,included
/content/drive/Othercomputers/My MacBook Pro/tarifit_asr_tfm/models/mms_1b_tarifit_v1_2_half_bible_specaug/checkpoint-393/vocab.json,Othercomputers/models/mms_1b_tarifit_v1_2_half_bible_specaug/checkpoint-393/vocab.json,included
/content/drive/Othercomputers/My MacBook Pro/tarifit_asr_tfm/models/mms_1b_tarifit_v1_2_half_bible_specaug/checkpoint-393/trainer_state.json,Othercomputers/models/mms_1b_tarifit_v1_2_half_bible_specaug/checkpoint-393/trainer_state.json,included
/content/drive/Othercomputers/My MacBook Pro/tarifit_asr_tfm/models/mms_1b_tarifit_v1_2_half_bible_specaug/checkpoint-524/config.json,Othercomputers/models/mms_1b_tarifit_v1_2_half_bible_specaug/checkpoint-524/config.json,included
/content/drive/Othercomputers/My MacBook Pro/tarifit_asr_tfm/models/mms_1b_tarifit_v1_2_half_bible_specaug/checkpoint-524/preprocessor_config.json,Othercomputers/models/mms_1b_tarifit_v1_2_half_bible_specaug/checkpoint-524/preprocessor_config.json,included
/content/drive/Othercomputers/My MacBook Pro/tarifit_asr_tfm/models/mms_1b_tarifit_v1_2_half_bible_specaug/checkpoint-524/tokenizer_config.json,Othercomputers/models/mms_1b_tarifit_v1_2_half_bible_specaug/checkpoint-524/tokenizer_config.json,included
/content/drive/Othercomputers/My MacBook Pro/tarifit_asr_tfm/models/mms_1b_tarifit_v1_2_half_bible_specaug/checkpoint-524/special_tokens_map.json,Othercomputers/models/mms_1b_tarifit_v1_2_half_bible_specaug/checkpoint-524/special_tokens_map.json,included
/content/drive/Othercomputers/My MacBook Pro/tarifit_asr_tfm/models/mms_1b_tarifit_v1_2_half_bible_specaug/checkpoint-524/vocab.json,Othercomputers/models/mms_1b_tarifit_v1_2_half_bible_specaug/checkpoint-524/vocab.json,included
/content/drive/Othercomputers/My MacBook Pro/tarifit_asr_tfm/models/mms_1b_tarifit_v1_2_half_bible_specaug/checkpoint-524/trainer_state.json,Othercomputers/models/mms_1b_tarifit_v1_2_half_bible_specaug/checkpoint-524/trainer_state.json,included
/content/drive/Othercomputers/My MacBook Pro/tarifit_asr_tfm/models/mms_1b_tarifit_v1_2_half_bible_specaug/best_model/config.json,Othercomputers/models/mms_1b_tarifit_v1_2_half_bible_specaug/best_model/config.json,included
/content/drive/Othercomputers/My MacBook Pro/tarifit_asr_tfm/models/mms_1b_tarifit_v1_2_half_bible_specaug/best_model/preprocessor_config.json,Othercomputers/models/mms_1b_tarifit_v1_2_half_bible_specaug/best_model/preprocessor_config.json,included
/content/drive/Othercomputers/My MacBook Pro/tarifit_asr_tfm/models/mms_1b_tarifit_v1_2_half_bible_specaug/best_model/tokenizer_config.json,Othercomputers/models/mms_1b_tarifit_v1_2_half_bible_specaug/best_model/tokenizer_config.json,included
/content/drive/Othercomputers/My MacBook Pro/tarifit_asr_tfm/models/mms_1b_tarifit_v1_2_half_bible_specaug/best_model/special_tokens_map.json,Othercomputers/models/mms_1b_tarifit_v1_2_half_bible_specaug/best_model/special_tokens_map.json,included
/content/drive/Othercomputers/My MacBook Pro/tarifit_asr_tfm/models/mms_1b_tarifit_v1_2_half_bible_specaug/best_model/vocab.json,Othercomputers/models/mms_1b_tarifit_v1_2_half_bible_specaug/best_model/vocab.json,included
/content/drive/Othercomputers/My MacBook Pro/tarifit_asr_tfm/models/omniASR_w2v_300m_tarifit_v1_2_half_bible/checkpoint-462/config.json,Othercomputers/models/omniASR_w2v_300m_tarifit_v1_2_half_bible/checkpoint-462/config.json,included
/content/drive/Othercomputers/My MacBook Pro/tarifit_asr_tfm/models/omniASR_w2v_300m_tarifit_v1_2_half_bible/checkpoint-462/preprocessor_config.json,Othercomputers/models/omniASR_w2v_300m_tarifit_v1_2_half_bible/checkpoint-462/preprocessor_config.json,included
/content/drive/Othercomputers/My MacBook Pro/tarifit_asr_tfm/models/omniASR_w2v_300m_tarifit_v1_2_half_bible/checkpoint-462/trainer_state.json,Othercomputers/models/omniASR_w2v_300m_tarifit_v1_2_half_bible/checkpoint-462/trainer_state.json,included
/content/drive/Othercomputers/My MacBook Pro/tarifit_asr_tfm/models/omniASR_w2v_300m_tarifit_v1_2_half_bible/checkpoint-528/config.json,Othercomputers/models/omniASR_w2v_300m_tarifit_v1_2_half_bible/checkpoint-528/config.json,included
/content/drive/Othercomputers/My MacBook Pro/tarifit_asr_tfm/models/omniASR_w2v_300m_tarifit_v1_2_half_bible/checkpoint-528/preprocessor_config.json,Othercomputers/models/omniASR_w2v_300m_tarifit_v1_2_half_bible/checkpoint-528/preprocessor_config.json,included
/content/drive/Othercomputers/My MacBook Pro/tarifit_asr_tfm/models/omniASR_w2v_300m_tarifit_v1_2_half_bible/checkpoint-528/trainer_state.json,Othercomputers/models/omniASR_w2v_300m_tarifit_v1_2_half_bible/checkpoint-528/trainer_state.json,included
/content/drive/Othercomputers/My MacBook Pro/tarifit_asr_tfm/models/omniASR_w2v_300m_tarifit_v1_2_half_bible/best_model/config.json,Othercomputers/models/omniASR_w2v_300m_tarifit_v1_2_half_bible/best_model/config.json,included
/content/drive/Othercomputers/My MacBook Pro/tarifit_asr_tfm/models/omniASR_w2v_300m_tarifit_v1_2_half_bible/best_model/preprocessor_config.json,Othercomputers/models/omniASR_w2v_300m_tarifit_v1_2_half_bible/best_model/preprocessor_config.json,included
/content/drive/Othercomputers/My MacBook Pro/tarifit_asr_tfm/models/omniASR_w2v_300m_tarifit_v1_2_half_bible/best_model/tokenizer_config.json,Othercomputers/models/omniASR_w2v_300m_tarifit_v1_2_half_bible/best_model/tokenizer_config.json,included
/content/drive/Othercomputers/My MacBook Pro/tarifit_asr_tfm/models/omniASR_w2v_300m_tarifit_v1_2_half_bible/best_model/special_tokens_map.json,Othercomputers/models/omniASR_w2v_300m_tarifit_v1_2_half_bible/best_model/special_tokens_map.json,included
/content/drive/Othercomputers/My MacBook Pro/tarifit_asr_tfm/models/omniASR_w2v_300m_tarifit_v1_2_half_bible/best_model/vocab.json,Othercomputers/models/omniASR_w2v_300m_tarifit_v1_2_half_bible/best_model/vocab.json,included
/content/drive/Othercomputers/My MacBook Pro/tarifit_asr_tfm/models/fadhma_300m_tarifit_v1_2_quarter_bible/checkpoint-42/config.json,Othercomputers/models/fadhma_300m_tarifit_v1_2_quarter_bible/checkpoint-42/config.json,included
/content/drive/Othercomputers/My MacBook Pro/tarifit_asr_tfm/models/fadhma_300m_tarifit_v1_2_quarter_bible/checkpoint-42/preprocessor_config.json,Othercomputers/models/fadhma_300m_tarifit_v1_2_quarter_bible/checkpoint-42/preprocessor_config.json,included
/content/drive/Othercomputers/My MacBook Pro/tarifit_asr_tfm/models/fadhma_300m_tarifit_v1_2_quarter_bible/checkpoint-42/trainer_state.json,Othercomputers/models/fadhma_300m_tarifit_v1_2_quarter_bible/checkpoint-42/trainer_state.json,included
/content/drive/Othercomputers/My MacBook Pro/tarifit_asr_tfm/models/fadhma_300m_tarifit_v1_2_quarter_bible/checkpoint-84/config.json,Othercomputers/models/fadhma_300m_tarifit_v1_2_quarter_bible/checkpoint-84/config.json,included
/content/drive/Othercomputers/My MacBook Pro/tarifit_asr_tfm/models/fadhma_300m_tarifit_v1_2_quarter_bible/checkpoint-84/preprocessor_config.json,Othercomputers/models/fadhma_300m_tarifit_v1_2_quarter_bible/checkpoint-84/preprocessor_config.json,included
/content/drive/Othercomputers/My MacBook Pro/tarifit_asr_tfm/models/fadhma_300m_tarifit_v1_2_quarter_bible/checkpoint-84/trainer_state.json,Othercomputers/models/fadhma_300m_tarifit_v1_2_quarter_bible/checkpoint-84/trainer_state.json,included
/content/drive/Othercomputers/My MacBook Pro/tarifit_asr_tfm/models/fadhma_300m_tarifit_v1_2_quarter_bible/checkpoint-126/config.json,Othercomputers/models/fadhma_300m_tarifit_v1_2_quarter_bible/checkpoint-126/config.json,included
/content/drive/Othercomputers/My MacBook Pro/tarifit_asr_tfm/models/fadhma_300m_tarifit_v1_2_quarter_bible/checkpoint-126/preprocessor_config.json,Othercomputers/models/fadhma_300m_tarifit_v1_2_quarter_bible/checkpoint-126/preprocessor_config.json,included
/content/drive/Othercomputers/My MacBook Pro/tarifit_asr_tfm/models/fadhma_300m_tarifit_v1_2_quarter_bible/checkpoint-126/trainer_state.json,Othercomputers/models/fadhma_300m_tarifit_v1_2_quarter_bible/checkpoint-126/trainer_state.json,included
/content/drive/Othercomputers/My MacBook Pro/tarifit_asr_tfm/models/xlsr_300m_tarifit_v1_2_specaug/checkpoint-110/config.json,Othercomputers/models/xlsr_300m_tarifit_v1_2_specaug/checkpoint-110/config.json,included
/content/drive/Othercomputers/My MacBook Pro/tarifit_asr_tfm/models/xlsr_300m_tarifit_v1_2_specaug/checkpoint-110/preprocessor_config.json,Othercomputers/models/xlsr_300m_tarifit_v1_2_specaug/checkpoint-110/preprocessor_config.json,included
/content/drive/Othercomputers/My MacBook Pro/tarifit_asr_tfm/models/xlsr_300m_tarifit_v1_2_specaug/checkpoint-110/trainer_state.json,Othercomputers/models/xlsr_300m_tarifit_v1_2_specaug/checkpoint-110/trainer_state.json,included
/content/drive/Othercomputers/My MacBook Pro/tarifit_asr_tfm/models/xlsr_300m_tarifit_v1_2_specaug/checkpoint-220/config.json,Othercomputers/models/xlsr_300m_tarifit_v1_2_specaug/checkpoint-220/config.json,included
/content/drive/Othercomputers/My MacBook Pro/tarifit_asr_tfm/models/xlsr_300m_tarifit_v1_2_specaug/checkpoint-220/preprocessor_config.json,Othercomputers/models/xlsr_300m_tarifit_v1_2_specaug/checkpoint-220/preprocessor_config.json,included
/content/drive/Othercomputers/My MacBook Pro/tarifit_asr_tfm/models/xlsr_300m_tarifit_v1_2_specaug/checkpoint-220/trainer_state.json,Othercomputers/models/xlsr_300m_tarifit_v1_2_specaug/checkpoint-220/trainer_state.json,included
/content/drive/Othercomputers/My MacBook Pro/tarifit_asr_tfm/models/xlsr_300m_tarifit_v1_2_specaug/checkpoint-330/config.json,Othercomputers/models/xlsr_300m_tarifit_v1_2_specaug/checkpoint-330/config.json,included
/content/drive/Othercomputers/My MacBook Pro/tarifit_asr_tfm/models/xlsr_300m_tarifit_v1_2_specaug/checkpoint-330/preprocessor_config.json,Othercomputers/models/xlsr_300m_tarifit_v1_2_specaug/checkpoint-330/preprocessor_config.json,included
/content/drive/Othercomputers/My MacBook Pro/tarifit_asr_tfm/models/xlsr_300m_tarifit_v1_2_specaug/checkpoint-330/trainer_state.json,Othercomputers/models/xlsr_300m_tarifit_v1_2_specaug/checkpoint-330/trainer_state.json,included
/content/drive/Othercomputers/My MacBook Pro/tarifit_asr_tfm/models/xlsr_300m_tarifit_v1_2_noaug/checkpoint-110/config.json,Othercomputers/models/xlsr_300m_tarifit_v1_2_noaug/checkpoint-110/config.json,included
/content/drive/Othercomputers/My MacBook Pro/tarifit_asr_tfm/models/xlsr_300m_tarifit_v1_2_noaug/checkpoint-110/preprocessor_config.json,Othercomputers/models/xlsr_300m_tarifit_v1_2_noaug/checkpoint-110/preprocessor_config.json,included
/content/drive/Othercomputers/My MacBook Pro/tarifit_asr_tfm/models/xlsr_300m_tarifit_v1_2_noaug/checkpoint-110/tokenizer_config.json,Othercomputers/models/xlsr_300m_tarifit_v1_2_noaug/checkpoint-110/tokenizer_config.json,included
/content/drive/Othercomputers/My MacBook Pro/tarifit_asr_tfm/models/xlsr_300m_tarifit_v1_2_noaug/checkpoint-110/special_tokens_map.json,Othercomputers/models/xlsr_300m_tarifit_v1_2_noaug/checkpoint-110/special_tokens_map.json,included
/content/drive/Othercomputers/My MacBook Pro/tarifit_asr_tfm/models/xlsr_300m_tarifit_v1_2_noaug/checkpoint-110/vocab.json,Othercomputers/models/xlsr_300m_tarifit_v1_2_noaug/checkpoint-110/vocab.json,included
/content/drive/Othercomputers/My MacBook Pro/tarifit_asr_tfm/models/xlsr_300m_tarifit_v1_2_noaug/checkpoint-110/trainer_state.json,Othercomputers/models/xlsr_300m_tarifit_v1_2_noaug/checkpoint-110/trainer_state.json,included
/content/drive/Othercomputers/My MacBook Pro/tarifit_asr_tfm/models/xlsr_300m_tarifit_v1_2_noaug/checkpoint-330/config.json,Othercomputers/models/xlsr_300m_tarifit_v1_2_noaug/checkpoint-330/config.json,included
/content/drive/Othercomputers/My MacBook Pro/tarifit_asr_tfm/models/xlsr_300m_tarifit_v1_2_noaug/checkpoint-330/preprocessor_config.json,Othercomputers/models/xlsr_300m_tarifit_v1_2_noaug/checkpoint-330/preprocessor_config.json,included
/content/drive/Othercomputers/My MacBook Pro/tarifit_asr_tfm/models/xlsr_300m_tarifit_v1_2_noaug/checkpoint-330/tokenizer_config.json,Othercomputers/models/xlsr_300m_tarifit_v1_2_noaug/checkpoint-330/tokenizer_config.json,included
/content/drive/Othercomputers/My MacBook Pro/tarifit_asr_tfm/models/xlsr_300m_tarifit_v1_2_noaug/checkpoint-330/special_tokens_map.json,Othercomputers/models/xlsr_300m_tarifit_v1_2_noaug/checkpoint-330/special_tokens_map.json,included
/content/drive/Othercomputers/My MacBook Pro/tarifit_asr_tfm/models/xlsr_300m_tarifit_v1_2_noaug/checkpoint-330/vocab.json,Othercomputers/models/xlsr_300m_tarifit_v1_2_noaug/checkpoint-330/vocab.json,included
/content/drive/Othercomputers/My MacBook Pro/tarifit_asr_tfm/models/xlsr_300m_tarifit_v1_2_noaug/checkpoint-330/trainer_state.json,Othercomputers/models/xlsr_300m_tarifit_v1_2_noaug/checkpoint-330/trainer_state.json,included
/content/drive/Othercomputers/My MacBook Pro/tarifit_asr_tfm/models/xlsr_300m_tarifit_v1_2_noaug/best_model/config.json,Othercomputers/models/xlsr_300m_tarifit_v1_2_noaug/best_model/config.json,included
/content/drive/Othercomputers/My MacBook Pro/tarifit_asr_tfm/models/xlsr_300m_tarifit_v1_2_noaug/best_model/preprocessor_config.json,Othercomputers/models/xlsr_300m_tarifit_v1_2_noaug/best_model/preprocessor_config.json,included
/content/drive/Othercomputers/My MacBook Pro/tarifit_asr_tfm/models/xlsr_300m_tarifit_v1_2_noaug/best_model/tokenizer_config.json,Othercomputers/models/xlsr_300m_tarifit_v1_2_noaug/best_model/tokenizer_config.json,included
/content/drive/Othercomputers/My MacBook Pro/tarifit_asr_tfm/models/xlsr_300m_tarifit_v1_2_noaug/best_model/special_tokens_map.json,Othercomputers/models/xlsr_300m_tarifit_v1_2_noaug/best_model/special_tokens_map.json,included
/content/drive/Othercomputers/My MacBook Pro/tarifit_asr_tfm/models/xlsr_300m_tarifit_v1_2_noaug/best_model/vocab.json,Othercomputers/models/xlsr_300m_tarifit_v1_2_noaug/best_model/vocab.json,included
/content/drive/Othercomputers/My MacBook Pro/tarifit_asr_tfm/models/xlsr_300m_tarifit_v1_2_noaug_full8/checkpoint-770/config.json,Othercomputers/models/xlsr_300m_tarifit_v1_2_noaug_full8/checkpoint-770/config.json,included
/content/drive/Othercomputers/My MacBook Pro/tarifit_asr_tfm/models/xlsr_300m_tarifit_v1_2_noaug_full8/checkpoint-770/preprocessor_config.json,Othercomputers/models/xlsr_300m_tarifit_v1_2_noaug_full8/checkpoint-770/preprocessor_config.json,included
/content/drive/Othercomputers/My MacBook Pro/tarifit_asr_tfm/models/xlsr_300m_tarifit_v1_2_noaug_full8/checkpoint-770/tokenizer_config.json,Othercomputers/models/xlsr_300m_tarifit_v1_2_noaug_full8/checkpoint-770/tokenizer_config.json,included
/content/drive/Othercomputers/My MacBook Pro/tarifit_asr_tfm/models/xlsr_300m_tarifit_v1_2_noaug_full8/checkpoint-770/special_tokens_map.json,Othercomputers/models/xlsr_300m_tarifit_v1_2_noaug_full8/checkpoint-770/special_tokens_map.json,included
/content/drive/Othercomputers/My MacBook Pro/tarifit_asr_tfm/models/xlsr_300m_tarifit_v1_2_noaug_full8/checkpoint-770/vocab.json,Othercomputers/models/xlsr_300m_tarifit_v1_2_noaug_full8/checkpoint-770/vocab.json,included
/content/drive/Othercomputers/My MacBook Pro/tarifit_asr_tfm/models/xlsr_300m_tarifit_v1_2_noaug_full8/checkpoint-770/trainer_state.json,Othercomputers/models/xlsr_300m_tarifit_v1_2_noaug_full8/checkpoint-770/trainer_state.json,included
/content/drive/Othercomputers/My MacBook Pro/tarifit_asr_tfm/models/xlsr_300m_tarifit_v1_2_noaug_full8/checkpoint-880/config.json,Othercomputers/models/xlsr_300m_tarifit_v1_2_noaug_full8/checkpoint-880/config.json,included
/content/drive/Othercomputers/My MacBook Pro/tarifit_asr_tfm/models/xlsr_300m_tarifit_v1_2_noaug_full8/checkpoint-880/preprocessor_config.json,Othercomputers/models/xlsr_300m_tarifit_v1_2_noaug_full8/checkpoint-880/preprocessor_config.json,included
/content/drive/Othercomputers/My MacBook Pro/tarifit_asr_tfm/models/xlsr_300m_tarifit_v1_2_noaug_full8/checkpoint-880/tokenizer_config.json,Othercomputers/models/xlsr_300m_tarifit_v1_2_noaug_full8/checkpoint-880/tokenizer_config.json,included
/content/drive/Othercomputers/My MacBook Pro/tarifit_asr_tfm/models/xlsr_300m_tarifit_v1_2_noaug_full8/checkpoint-880/special_tokens_map.json,Othercomputers/models/xlsr_300m_tarifit_v1_2_noaug_full8/checkpoint-880/special_tokens_map.json,included
/content/drive/Othercomputers/My MacBook Pro/tarifit_asr_tfm/models/xlsr_300m_tarifit_v1_2_noaug_full8/checkpoint-880/vocab.json,Othercomputers/models/xlsr_300m_tarifit_v1_2_noaug_full8/checkpoint-880/vocab.json,included
/content/drive/Othercomputers/My MacBook Pro/tarifit_asr_tfm/models/xlsr_300m_tarifit_v1_2_noaug_full8/checkpoint-880/trainer_state.json,Othercomputers/models/xlsr_300m_tarifit_v1_2_noaug_full8/checkpoint-880/trainer_state.json,included
/content/drive/Othercomputers/My MacBook Pro/tarifit_asr_tfm/models/xlsr_300m_tarifit_v1_2_noaug_full8/best_model/config.json,Othercomputers/models/xlsr_300m_tarifit_v1_2_noaug_full8/best_model/config.json,included
/content/drive/Othercomputers/My MacBook Pro/tarifit_asr_tfm/models/xlsr_300m_tarifit_v1_2_noaug_full8/best_model/preprocessor_config.json,Othercomputers/models/xlsr_300m_tarifit_v1_2_noaug_full8/best_model/preprocessor_config.json,included
/content/drive/Othercomputers/My MacBook Pro/tarifit_asr_tfm/models/xlsr_300m_tarifit_v1_2_noaug_full8/best_model/tokenizer_config.json,Othercomputers/models/xlsr_300m_tarifit_v1_2_noaug_full8/best_model/tokenizer_config.json,included
/content/drive/Othercomputers/My MacBook Pro/tarifit_asr_tfm/models/xlsr_300m_tarifit_v1_2_noaug_full8/best_model/special_tokens_map.json,Othercomputers/models/xlsr_300m_tarifit_v1_2_noaug_full8/best_model/special_tokens_map.json,included
/content/drive/Othercomputers/My MacBook Pro/tarifit_asr_tfm/models/xlsr_300m_tarifit_v1_2_noaug_full8/best_model/vocab.json,Othercomputers/models/xlsr_300m_tarifit_v1_2_noaug_full8/best_model/vocab.json,included
/content/drive/Othercomputers/My MacBook Pro/tarifit_asr_tfm/models/kabyle_xlsr_tarifit_v1_best/config.json,Othercomputers/models/kabyle_xlsr_tarifit_v1_best/config.json,included
/content/drive/Othercomputers/My MacBook Pro/tarifit_asr_tfm/models/kabyle_xlsr_tarifit_v1_best/tokenizer_config.json,Othercomputers/models/kabyle_xlsr_tarifit_v1_best/tokenizer_config.json,included
/content/drive/Othercomputers/My MacBook Pro/tarifit_asr_tfm/models/kabyle_xlsr_tarifit_v1_best/added_tokens.json,Othercomputers/models/kabyle_xlsr_tarifit_v1_best/added_tokens.json,included
/content/drive/Othercomputers/My MacBook Pro/tarifit_asr_tfm/models/kabyle_xlsr_tarifit_v1_best/vocab.json,Othercomputers/models/kabyle_xlsr_tarifit_v1_best/vocab.json,included
/content/drive/Othercomputers/My MacBook Pro/tarifit_asr_tfm/models/kabyle_xlsr_tarifit_v1_best/processor_config.json,Othercomputers/models/kabyle_xlsr_tarifit_v1_best/processor_config.json,included
