segment_id,speaker_group_id,reference,greedy_prediction,plain_beam_prediction,lm1_prediction,lm1_alpha,lm1_beta
REC090_SEG0010,SPK007,ssalamuɛlikum necc meryem,ssalamuɛlikum nec meryem,ssalamuɛlikum nec meryem,ssalam uɛlikum n meryem,0.2,0.0
REC090_SEG0011,SPK007,aqay ruxxa tnayn uɛecrin sana di hulanda,aqay ruxa tnen uɛecrin sana d i hulanda,aqa y ruxxa tnen uɛecrin sana d i hulanda,aqa ya ruxa tnayn uɛcrin sana dihulanda,0.2,0.0
REC090_SEG0012,SPK007,mercex ak nmis n jjiran usiɣ d zi lmeɣrib umi ira aqqay di lmeɣrib ira qqaɣas ad raḥaɣ a urupa ad ggex ad ggex maca,mercex ak misenjjiran usiɣ d zi lmeɣrib umiraqqa ydi lmeɣribireqqa ɣas ad reḥɣar urupa ad ggex adegexmaca,mercex ak misenjjiran usiɣ d zi lmeɣrib umira qqa ydi lmeɣrib ireqqa ɣas ad reḥ ɣar urupa ad ggex ad gexmaca,mercex ak misenjjiran usiɣ d zi lmeɣrib umi aqa di lmeɣrib irqa as ad rḥar urupa ad ggeɣ ad maca,0.2,0.0
REC090_SEG0013,SPK007,umi wsiɣd dda ufix manayenni wa ǧi ca min ira ɣari ddhi rɛqel inu,umi wsiɣ dda ufi x manayenni wa ji ca miriraɣari ddhi lɛqel inu,umi wsiɣ dda ufi x manayenni wa ji ca miriraɣari ddhi lɛqel inu,umi usiɣ dda ufix manayenni wa i ca miriraɣari ddhilɛqel inu,0.2,0.0
REC090_SEG0014,SPK007,a nec mammec ira ǧjix di lmeɣrib waǧi manayenni uffix dda,a necmamci ra ji x di lmeɣrib waji manayenni ufi x dda,necmamci ra ji x dhi lmeɣrib waji manayenni ufi x dda,n maci ra ci x di lmeɣrib waji manayenni ufixedda,0.2,0.0
REC090_SEG0015,SPK007,necc di lmeɣrib ira ɣari lḥurriya inu ira ɣari yemma dd baba ɣari suctma lmuhim ɣari kulci ira teɛicex mammec nneɣni lmuhim ɛawed ayi mammec tuɣa tɛiced,necdi lmeɣrib ilaɣari lḥurriya inu ilaɣāri yemma dd baɛba aɣari suct ma lmuhim ɣari kulci ira t eɛic mamc nneɣni lmuhim awdhiyi mamic tuɣ tɛiced,necdi lmeɣrib ilaɣari lḥurriya inu ilaɣāri yemma dd baɛba aɣari suct ma lmuhim ɣari kulci ira t eɛic mamc nneɣni lmuhim awdhiyi mamic tuɣ tɛiced,necdi lmɣrib ilaɣari lḥurriya inu ilaɣāri ma dd baba ɣari sutma lmuhim ɣari kulci ra tiɛicmam nneɣni um awdhiyi mmi tuɣtɛiced,0.2,0.0
REC090_SEG0016,SPK007,di lmeɣrib neccin mammec ira niɛicc,di lmeɣrim neccin mamcira niɛice,di lmeɣrim neccin mamcira niɛice,di lmeɣrim neccin ma mciraniɛi c,0.2,0.0
REC090_SEG0017,SPK007,ag baba dd yemma wa ɣaneɣ ca ɣaneɣ ca n reḥwayej n teggit en ɣaneɣ can n reḥwayej wa ntegg ca maca waǧi iziyyan wa zeyyan ca aṭṭas am mammec ira tiɛiceɣ ag ruxa mayn aks,ak babadd imma wer ɣarnexca ɣarnx ca neḥwayej ntegiten ɣarn x ca nleḥwayej wanteg ca maca waji i ziyyan wa zeyyan ca aṭṭas ammamcira tiɛic xak ruxaman aks,ak babadd imma wer ɣarnexca ɣarnx ca neḥwayej ntegiten ɣarn x ca nleḥwayej wa nteg ca maca waji ziyyan wa zeyyan ca aṭṭas ammamcira tiɛic ak ruxaman aks,ak baba d ima war ɣar n x ca ɣar n x ca nwayej n tgiten ɣar n x ca nleḥwayej wanteg ca maca wa i ziyyan war ziyyan ca aṭṭas a macira tiɛic ak ruxaman ks,0.2,0.0
REC090_SEG0018,SPK007,lmuhim wsiɣd,lmuhima wsiɣd,lmuhima wsiɣd,lmuhima usiɣd,0.2,0.0
REC090_SEG0019,SPK007,nec ira ɛemmas wa wsiɣd ɣar urupa wsiɣd ddi ṭiyara jjix familya inu jjix lɛaila inu umi wsiɣd wfiɣ manyenni waǧi am mammec ira nniɣ di reɛqer inu,necira ɛemmas wawsiɣd ɣar ewrupa wsiɣ ddi ṭiyāra jjix familya inu jjix lɛa ila inu wumi wsiɣ ddawfix manyenni wa jim amcira nnix dhi reɛqer inu,necira ɛemmas wawsiɣd ɣar ewrupa wsiɣ ddi ṭhiyāra jjix familya inu jjix lɛa ila inu wumi wsiɣ ddawf ix manyenni wa jim amcira nnix dhi reɛqer inu,necira ɛammas wawsiɣd ɣar awrupa usiɣ dd i thiyāra zi x familya inu jjix lɛaila inu umi usiɣ ddawfix man nni wa jimamcira nni x di rɛqer inu,0.2,0.0
REC090_SEG0020,SPK007,usiɣd umi usiɣd necc usiɣd ddirikt ɣar taddart nnnn yemmas d babas n ayaz inu ira zeddeɣeɣ ak idsen ira mmitsen d amezyan zeddeɣeɣ ak idsen,umi siɣusiɣ ddirikt ɣar theddat nnnnyemmas d babasn ayaz inu ira zddeɣ xakidsen iramemmitsen d amezyan nzdeɣ xakidsen,umi siɣnusiɣ ddirikt ɣar theddat nnnnyemmas d babas n ayaz inu ira zddeɣ xakidsen iramemmi tsen d amezyan nzdeɣ xakidsen,umi usiɣ usiɣ ddirikt ɣar thaddatnn nn yimmas d babas n ayaz inu ra zddeɣ x akidsen rami tsen amezyan nzdeɣ x akidsen,0.2,0.0
REC090_SEG0021,SPK007,lmuhim mammec ira tiɛiceɣ,lmuhima mamcir atiɛiceqxa,lmuhima mamcir a tiɛi ceqxa,lmuhima maci ra tiɛicex,0.2,0.0
REC090_SEG0022,SPK007,memnuɛ ad fɣeɣ a barra ad feɣeɣ illa ag yemmas netta ira ɣas lḥayat nnes ɛawed netta ira ixeddem itased itett i sess ad iffeɣ ɣa barra ar ǧiret ad iɛqeb ira ɣas mammec qan lḥayat nnes di barra,memluɛ ad feɣ ɣa barra ad feɣɣellagimmas netta raɣars lḥayet nnes ɛawed ntta yera exeddem ytased etettises ad iffeɣ ɣa barra rjirt ad iɛqeb iraɣars mqqarn lḥayet nnes diba,memluɛ ad feɣ ɣa barra ad feɣɣellagimmas netta raɣars lḥayet nnes ɛawed ntta ira exeddem ytasedd etet tises ad iffeɣ ɣa barra rjirt ad iɛqeb iraɣars m qqarn lḥayet nnes dhibar,memluɛ ad fɣ ɣar barra ad feɣɣell agimmas netta iraɣa s layet nnes ɛawed netta ra ixeddem itased ttises ad ifɣar barra rjirt ad iɛqeb iraɣa qqan ayt nnes di bar,0.2,0.0
REC090_SEG0023,SPK007,ra ɣa taddart imrec ak idi,raɣa taddat imer ca kidi,raɣa taddat imer ca kidi,raɣa ta ddat imer ca kidi,0.2,0.0
REC090_SEG0024,SPK007,ṣafi igga manayenni i lwalidin nnes waǧi netta ira ixsay nnanas ad tmerced di lmeɣrib ṣafi imrec ṣafi iggasen lxada nsen maca ɣars netta min di barra min yazzu netta i teggit di barra,ṣafi igga manayenni lwalidin nnes war ji netta ira exsaye nnanas ad tmerceddhi lmeɣrib ṣafi emmerc ṣafi gasen lxada nsen mac aɣars nettamin di barra min yrzzu netta ytegeddi barra,ṣafi igga manayenni lwalidin nnes war ji netta ira yexsaye nnanas ad tmerceddhi lmeɣrib ṣafi emmerc ṣafi gasen lxada nsen mac aɣars nettamin di barra min yzzu netta ytegeddi barra,ṣafi igga manayenni lwalidin nnes war ci netta ra yxsaye nnan as ad tmerced di lmeɣrib ṣafi immer ṣafi asen lxada nsen ma ɣar netta di barra min yazzu netta t kidi barra,0.2,0.0
REC090_SEG0025,SPK007,saf ira yeɛni ira tiɛiceɣ ak idsen di taddart lḥayet inu cḥal ḥiṭṭac asna,saf ira ini ira tiɛic xakidsendithaddat lḥayet inucḥal ḥiṭṭac asna,saf ira ini ira tiɛic akidsend ithaddat lḥayet inucḥal ḥiṭṭac a sna,safira ini ra tiɛic akidsen itaddat lḥayet inucḥal ḥiṭac asna,0.2,0.0
REC090_SEG0026,SPK007,iɛiceɣ ak idsen ira ɣari ijj n ijj n taxawwuf di lḥayat inu ak idsen uxa di taddat ira tiɛiceɣ s tiggʷdi,iɛic x akidsen iraɣari jijen ntta xawwuf di lḥayat inu akidsen u xa dita dat ira tɛic s tiggdi,iɛic x akidsen iraɣari jijen ntta xawwuf di lḥayat inu akidsen u xa d ita dat ira tɛic s tiggdi,i akidsen iraɣari ijjen n tta xawwuf di lḥayat inu akidsen u qa d ta ddat ra tic s tiggdi,0.2,0.0
REC090_SEG0027,SPK007,axmi waǧi taddat inu axmi wa lmuhim yemmas ira teḥkkam aṭṭas netta ira rebda aqat di barra itiɛic lḥayet nnes,axmi wa ji tadddat inu xmiwa lmuhim yemmas ira teḥkkam aṭṭas netta yraira rebda yraqa ddibara ytiɛic lḥayet nnes,axmi wa ji thaddat inu xmiwa lmuhim yemmas ira teḥkkam aṭṭas netta yra ira rebda yra qa ddibara ytiɛic lḥayet nnes,axmi wa jit ad ddat inu xmi lmuhim yimmas irha tḥkam aṭṭas netta ra irarebda ra qa di barra tiɛic lḥayet nnes,0.2,0.0
REC090_SEG0028,SPK007,di barra ag timɣarin nneɣni ira ɣas ijj n n tameddukec,dibarra ak timɣari nneɣni ira ɣarsa yijen n tameddukeciɛni,dibarra ak timɣari nneɣni ira ɣarsa ijen n tamedduk ciɛni,di barra ad timɣarin nneɣni iraɣa s ijjen tamedduk tcini,0.2,0.0
REC090_SEG0029,SPK007,ɣars taawer nesdithaddata xmi wa ɣars ḥedd lmuhim ɣars lḥayat nnes nec memnuɛ ad gex ca memnuɛ ad ffeqdi bara mmnuɛ ad ssiwer x memnuɛ ad yiri xmer ira,ɣars taawer nesdithaddata xmi wa ɣars ḥedd lmuhim ɣars lḥayat nnes nec memnuɛ ad gex ca memnuɛ ad ffeqdi bara mmnuɛ ad ssiwer x memnuɛ ad yiri xmer ira,ɣars taawer n sdithaddata xmi wa ɣars ḥedd lmuhim ɣars lḥayat nnes nec memnuɛ ad gex ca memnuɛ ad ffeqdi bara mmnuɛ ad ssiwer x memnuɛ ad yiri x mer ira,ɣares tawer n s di thaddata xmi wa ɣares ḥed lmuhim ɣar s lḥayat nnes n memnuɛ ad gexca man ad ffeqdi barra mmnuɛ ad ssiwer x mmnuɛ ad yiri xmer ira,0.2,0.0
REC090_SEG0030,SPK007,ixsay ad ssenteɣ ɣasen waha min ɣa day inin,a ixsay ad ṭsenteɣ ɣarsen waha min ɣa day yinin,a ixsay ad ṭssenteɣ ɣarsen waha min ɣa day yinin,ixsay ad tsenteɣ ɣarsen waha min ɣa da yinin,0.2,0.0
REC090_SEG0031,SPK007,ra di taddat memnuɛ add yadeɣ pijama ssawar d triku qanay rebda ixssam a tirid teṣṭadd rebda ixssam funara di taddat ira zeddɣeɣ necc d babas d yemmas maca wexxa amenni ixessay rebda adiriɣ,radita ddat memnuɛ add yadex pijama ssawer dh triku qanay rebda xessam a tirit ṣṭadd rebda exessamfunaradi taddat ira zddexnec d babes dh yemmas maca wexxamenni ixessa e rebda d irix,radita ddat memnuɛ dadd yadex pijama ssawer dh trikku qa nay rebda xessam a tirit ṣṭadd rebda exessa mfunaradi thaddat ira zddex nec d babes dh yemmas maca wexxamenni ixessa e rebda d irix,radita ddat memnuɛ ad ya pijama ssawer d trikku qa na rebda xssam ad tirid ṣṭadd rebda ixs amfunara di ta ddat irha zddexnec d babas d yemmas maca waxxamenni ixessa rebda d irix,0.2,0.0
REC090_SEG0032,SPK007,ad iriɣ axmi ad fɣeɣ ɣar barya yaɛni ad sṭaɣ ɣar adaxer waxxa aqqacem di taddat lla qa ga amia lmuhim,ad iriqa xmi ad d feɣ ɣar bara iɛni ad sṭaɣ ɣar ad d axeb waxxa aqqacem dhitaddat llaqa gamia lmuhim,ad iriqa xmi ad d feɣ ɣar bara iɛni ad sṭa ɣar ad d axeb waxxa aqqacem dhitaddat llaqa gamia lmuhim,ad yiri qa xmi ad feɣ ɣar barra ini ad s ɣar ad daxer waxxa aqqacem di ta ddat lla qa gamia lmuhim,0.2,0.0
REC090_SEG0033,SPK007,manaya uca min tuɣ tegged nhar imkel man tuɣa sɛeddid nhuraṭ nnem min ira s ɛedduɣ nhuraṭ inu ruxa umi usiɣd zi lmeɣrib,mnya ucad man tux tegedhenhar yekmelkidh m ts tuṭseɛed tidhe nhurath nnemmin ira s ɛeddux lhurat inu ruxa umi usiɣd zi lmeɣrib,mnya ucad man tux tegedh nhar yekmelkidh my ts tuṭseɛed thidh nhurath nnemmin ira s ɛeddux lhurat inu ruxa umi usiɣd zi lmeɣrib,na uca man tutegedh n ar ikmelkid ma tusid nhurath nnem min irasɛeddux lhurat inu ruxa umi usiɣ zi lmeɣrib,0.2,0.0
REC090_SEG0034,SPK007,ira qqimeɣ rbeɛ snin ɛad ɛad texreq ɣari rux yeǧi tamezwarut,ira qqim xerbeɛsnin ɛadd ɛadd txerɣari rux yeji tamezwarut,ira qqim xerbeɛsnin ɛadd ɛadd txer ɣari rux yeji tamezwarut,ra qqim xerbeɛsni n dd ɛad txarirux yeji tamezwarut,0.2,0.0
REC090_SEG0035,SPK007,min ira teggeɣ ira wa teggeɣ walu add nekka add nefda a negg lmakla add xezzaɣ tilifizyun ṣafi can imur n ṭraḥeɣ ag yemmas ɣar lḥanut ak yemmas waha weḥdi ira memnuɛ,minira teg xirawa teg x walu add nekka add nefda a neg lmakla add xezzax tilifizyun ṣafi can immur n ṭraḥa ak emmas ɣar lḥanut ak emmas waha weḥdiramemnuḥ,minira teg xirawa teg x walu add nekka dd nefda ad neg lmakla add xezza x tilifizyun ṣafi can imur n ṭraḥa ak emmas ɣar lḥanut ak emmas waha weḥdira memnuḥ,minira t xirawa t g x walu add nekka dd nefda ad n lmakla ad xza x tilifizyun ṣafi ca n imun ṭraḥa ad immas ɣar lḥanut ad immas waha weḥdira mmuḥ,0.2,0.0
REC090_SEG0036,SPK007,lmuhim qa d tta lḥayat inu ira wa teffɣeɣ ca wa ɣari timddukar inu mermi ssawareɣ ag yemma qqanay lla war ssawar ca ak familya nnem aṭṭas xmi lmuhim ira rweqt nni ira tibratin waha ira tariɣ tibratin,lmuhim qatta lḥayat inu iraɣ wad teffɣex ca waɣaritim ddukar inu mermi yssawer xakimma qqana yella ward tessawar ca ak familya nnema ṭṭas mi lmuhim ira rweqt nnira tibratin waha ira tarix tibratini,lmuhim qatta lḥayat inu iraɣ wad teffeɣex ca waɣaritim ddukar inu mermi yssawer x akimma qqana yella war tessawar ca ak familya nnema ṭṭas mi lmuhim ira rweqt nnira tibratin waha ira tarix tibratini,lmuhim qa tta lḥayat inu ra war tffɣex ca wa ɣari timddukar inu mermi ssawer xakimma qqan a ylla war t ssawar ca ak familya nnem ṭṭas xmi lmuhimira rweqt nnira tibratin waha ra tarix tibratini,0.2,0.0
REC090_SEG0037,SPK007,ijj n ucma ira ɣari ak ides lɛalaqa mliḥ maca waxxa amenni ira wa qqaɣ ca lḥayat inu min tiɛiceɣ ira rebda twarinay,ijen n nucma iraɣari akiddessa lɛalaqa mliḥ maca waxxam nni ira weqqex ca lḥayat inu min tiɛiceɣ ira rebda twarinay,ijen n ucma iraɣari kiddessa lɛalaqa mliḥ maca waxxam nni ira weqqex ca lḥayat inu min tiɛiceɣ ira rebda twarinay,ijjen n ucma iraɣari akid ssa lɛalaqa mliḥ maca waxxa m nni iraweqqex ca lḥayatinu min tiɛiceɣ ra rebda twarinay,0.2,0.0
REC090_SEG0038,SPK007,a meryem aqqat mliḥ aqaat mliḥ mayemmi ira rebda deḥceɣ lmacakil inu ira wazzuɣ ca adassiniɣ i yemma adassiniɣ qqaɣas rux d manaya i xafi ektaben,ameryem aqqat mliḥ aqat mliḥ mayemira rebd a deḥcxmc lmac akillu nur awezzuɣ ca adassinix yemma dassini qqarɣas rux d manaya i xafi ektaben,ameryem aqqat mliḥ aqat mliḥ mayemira rebd a deḥcxmc lmac akillu nur a wezzuɣ ca adassinix yemma dassini qqarɣas rux d manaya xafi ektaben,ameryem aqqat mliḥ aqqat mliḥ maymira rebda d ca maca killu ur a wa zzuɣ ca ad assinix yemma d assini qqar asrux d manaya xafi ektaben,0.2,0.0
REC090_SEG0039,SPK007,rux ad iɛiceɣ ra addxzaɣ min ɣa ggeɣ gi lḥayat inu ad ṣebreɣ maca ṣbar nni wa ǧi bu waǧi ca d lemliḥ mayemmi qa bnadem mamci ǧa netta,rux ad iɛi ce xara dd xza x min ɣa kedtiḥa yetin ad ṭṣebrex macaṣbar nni wjibu wa ji waji ca d lemliḥ mayemmi qa bnadem mamci yja netta,rux ad iɛi ce xara d xza x min ɣa kedtiḥa yetin ad ṭṣebrex maca ṣbar nni jibu wa ji waji ca d lemliḥ mayemmi qa bnadem mamci ydja netta,rux ad iɛice ɣar d xza x min ɣa tiḥa yatin ad ṭṣebrex maca ṣbar nni bu wa i wi ca d lemliḥ mayemmi qa bnadem maci janetta,0.2,0.0
REC090_SEG0040,SPK007,ɛemmas wa d ad yas ijj n nneɣni ad dam yeni la ixsam atbeddred mamc ixes netta,ɛemmas wa d ad yasi ijjen nneɣni addam yininla yxsamad tbeddred mamc ixes netta,ɛemmas wa d ad yasi ijjen nneɣni addam yininla yxsamad tbeddred mamc ixes netta,ɛemmas wa d ad yasi ijjen nneɣni ad am yini lla xsamad tbeddred ma ixs netta,0.2,0.0
REC090_SEG0041,SPK007,qaɛ manaya la yumkin la yumkin tamɣart ad tbedder mayemmi qa ayaz yazzut amya d wamya ad ṭṣebad wa ǧi war ṭṣebbar ca maca x can leḥwayej wa ǧi ca x can lḥwayej,qanymanya la yumkin layumkin tamɣartad tbedder mayemmi qa ayaz yzzut amyad wami adṭṣeba ad wajid awad ṭṣebbar ca maca xca n leḥwayejweji ca xca n lḥwyej,qanymanya la yumkin layumkin tamɣartad tbedder mayemmi qa ayaz yzzut amyad wami adṭṣeb ad waji d awad ṭṣebbar ca maca xca n leḥwayej weji ca xca n lḥwyej,qa manaya a yumkin laumkin tamɣart ad tbedder mayemmi qa ayaz yazzu t amya d wami ad ṣba wa d awar ṣbar ca maca x ca n lḥwayej wi ca x ca n way,0.2,0.0
REC090_SEG0042,SPK007,cexsiya nnem ad tbedder ad teṣbad ad teṣbad ca nhar ṣafi ɣa teffeɣed arincem tameḥbust wah amenni wah,cexsiya nnem ad tbedder ad teṣbad ad eṣbed ca nhar ṣafiɣa a teffeɣedrinceta neḥbus wah amenniwwah,cexsiya nnem ad tbedder ad teṣbad ad ṭeṣbed ca nhar ṣafiɣa teffeɣed rin ceta neḥbus wa amenniwwah,cexsiya nnem ad tbedder ad tṣbad ad ṣbed ca nharṣafi ɣa tffeɣed din ta neḥbus wa amenni wa,0.2,0.0
REC090_SEG0043,SPK007,uca melmi tusa lweqt iɛni thegid di lbal nnem ṣafi war qqimeɣ ad ṣebreɣ war qqimeɣ ad sebreɣ ag argaza ad raḥeɣ melmi tusid lweqt nni,uca melmi tusa lweqt iɛni thegidh di lbala nem ṣafi wareqqimaɣa dh ṣebreɣ wr qqimɣa adh sebreɣ akedh argaza adh reḥeɣ melmi thused lweqt nni,uca melmi tusa lweqt iɛni thegidh di lbala nem ṣafi wareqqim aɣa dh ṣebreɣ wr qqim ɣa adh sebreɣ akedh argaza adh reḥeɣ melmi thused lweqt nni,uca melmi tusa lweqt ini thidhdi lbala n msafi war qqim ɣa d ṣbreɣ war qqim ɣa adhsebreɣ ak dhargaza ad raḥa mlmi tusid lweqt nni,0.2,0.0
REC090_SEG0044,SPK007,a mermitussid lweqt nni necc,amermi wsi d lweqt nni nec,amermi wsi d lweqt nni nec,mermi yusi d lweqtnni nc,0.2,0.0
REC090_SEG0045,SPK007,waxxa ammeni di reɛqer inu iraq qqaɣas maɛlic qa manaya yektaben xafi ad ṣbaɣ ɣari ṭawa inu ɣari ira ɣari tnayen n issi ira aqqay suɛeddis n mmi,waxxam nni dh rɛqem inu iraqqa ɣas maɛlic qa manaya yektaben xafi ad ṣbax ɣar iṭawa nu rɣāri iraɣāri tnayen nissira iraqqay s uɛeddisen nemmi,waxxam nni dh rɛqem inu iraqqa ɣas maɛlic qa manaya yektaben xafi ad ṣbax ɣar iṭawa nu rɣāri iraɣāri tnayen n issira iraqqay s uɛeddisen nemmi,waxxam nni d rɛqem inu irqqaɣas maɛlic qa manaya yektaben xafi ad ṣbax ɣar tarwa inu rɣar iraɣari tnayn n issira irqqay s uɛddisen nemmi,0.2,0.0
REC090_SEG0046,SPK007,ira rebda qqaɣas maɛlic maɛlic maca umi,yira rebd aqqa ɣars maɛlic maɛlic maca umi,yira rebd aqqa ɣars ma ɛlic maɛlic maca umi,yirarebd aqa ɣar s maɛlic maɛlic maca umi,0.2,0.0
REC090_SEG0047,SPK007,xmi tiriɣ tɣimiɣ weḥdi uca tfekkaɣ qqaɣas rux qa ɛannec ṣbax maci ad ṭawa inu ad mɣan add azzun ca n leḥwayej i tiɛicen iwdan da war zemman ca adggen manayenni,xmi tiri tɣimix weḥdiw ca tfekka qqa ɣasrux qa ɛannec ṣbax maci ad ṭawa inu add mɣana ad azzun ca n leḥwa yiji tiɛi cen yewda nde war zemman ca dh gen manayenni,xmi tiri tɣimi x weḥdiw ca tfekka qqa ɣasrux qa ɛannec ṣbax maci d ṭawa inu ad d mɣana ad azzun ca n leḥwa yiji thiɛi cen yewda nde war zemman ca dh gen manayenni,xmi tiri tɣimix weḥdiw ca tfekka qa ɣarsrux qa ɛanṣbax maci d tarwa inu ad d mɣana ad arzun ca nleḥwa ijji ticn iwdan da war zemman ca dh gen manayenni,0.2,0.0
REC090_SEG0048,SPK007,ṣafi qqimeɣ tfekkaɣ qqaɣas manaya was zemmaɣ ca ṣafi ruxa uḥreɣ di manaya d manayenni uca ira ɣaneɣ lmacakil aṭṭas umi aqqaneɣ ɣaneɣ lmacakil aṭṭas uca man macakil min dam yuqɛan,ṣafi eqqim x tefkaqqa xas manaya wer zemmax ca ṣaf iruxa weḥreɣ x di manayad manayenni uca yra ɣaren x lmacakil aṭṭas wumi raqqarn ɣarn x lmacakil aṭṭas uca macakilm mayndam yuqɛan,ṣafi eqqim x tefkkaqqa xas manaya wer zemma x ca ṣaf iruxa weḥreɣ x di manayad manayenni uca yra ɣaren x lmacakil aṭṭas umi r qqarn ɣarn x lmacakil aṭṭas uca macakilm mayndam yuqɛan,ṣafi qqim x tfkaqqa xas manaya war zemmax ca ṣafiruxa wueḥreɣ x di manaya d manayenni uca ra ɣar n x lmacakil aṭṭas umi qqaren ɣar n x lmacakil aṭṭas uca macakilm man am yuqɛan,0.2,0.0
REC090_SEG0049,SPK007,min day yuqɛen,mindaywqn,mindaywqn,min daywqn,0.2,0.0
REC090_SEG0050,SPK007,tuɣ ticcenam leflus tuɣ tsarrafen xam yaɛni mammec lla lla ira di lewel ira ticcenay uǧi ticcennay xmi traḥeɣ a lḥanut ad ksiɣ min xseɣ,wcicinam leflus dhgṭsarrafenɣam iɛni mamc lla lair d ilewel ira ira ticcennay uji ticcennay xmi traḥ ɣa lḥanut ad kkesix min xsex,w cicinam leflus dhgṭsarrafenɣam iɛni mmc lla lair d ilewel ira ira ticcennay uji ticcennay xmi traḥ ɣa lḥanut ad kkesix min xsex,ccin am leflus d tzarrafen am ini mammec lla ar d ilewel ra ra ticcennay u i ticnay xmi traḥ ɣa lḥanut ad ksi x min xsex,0.2,0.0
REC090_SEG0051,SPK007,xmi anraḥ a ṣsuq ad xseɣ lmuhim ira ɣari kulci ira ɣari ddheb ira ɣari arrud ira ɣari maca wahniɣ ca ɣ daxer wahniɣ ca,xmireḥ ɣar ṣsuq ad exsex milmuhim iraɣāri kulc iraɣarid ddehbiraɣari arrud iraɣari maca wahni x ca ddidɣa d axer wahni x ca,xmireḥ ɣar ṣsuq ad exsex milmuhim iraɣāri kulc iraɣarid ddeh biraɣari arrud iraɣari maca wahni x ca ddidɣa d axer wahni x ca,xmi ruḥ ɣar ssuq ad xsex mimuhim iraɣāri kulc iraɣarid ddehbira ɣari arud iraɣari maca wahni x ca dd ɣa daxer wahnixca,0.2,0.0
REC090_SEG0052,SPK007,ṣafi ira bdiɣ txiyyadeɣ cwayt txeyyadeɣ i timɣarin ira ɣari tassend timɣarin ɣari txiyyadeɣ di taddat ira ɣari cwayt n tinɛacin tjicem umuder atxidded wah waḥ ṭejjay,ṣafi irabdi x txiyyad x cwayt s txeyyed x itimɣārin irɣrtasen timɣarin ɣaris xyyad x dhitaddat ira ɣar cwaydntinɛacin jicemecxa umuder adxiydheḍ wahwaḥ dejjay,ṣafi ira bdi x txiyyad x cwayt s txeyyed x ithimɣārin irɣr tasen timɣarin ɣaris xyyad x dhit addat ira ɣar cwaydntinɛacin ji ce mecxa muder ad xiyedheḍh wah waḥ dejjay,ṣafi irabdi x txiyyad x cwayt s txyed timɣarin iri tas n timɣarin ɣari s x ya d x d itaddat iraɣa cwayt n tinɛacin icca muder ad xiydheḍh wah wa d jjay,0.2,0.0
REC090_SEG0053,SPK007,ɣesmu ira ɣari ɛawed lmacakil ak ides thimɣarin nni ira taddfen teffɣen la mayemmi tassend lla mayemmi mi tggen muhim ira ɣari aṭṭas n macakil lex taxeyyaṭ nni maca amenni,nɣa semmu ira ɣari ɛawd lmacakil akiddes thimɣariy nni ra taddfen teffɣen lamayemmi tesind lamayemmi mi degen wamira ɣari aṭṭas n mac akil lex taxeyyaṭ nni maca ame nni,nɣa semmu ira ɣari ɛawd lmacakil akiddes thimɣariy nni ra thaddfen teffɣen lamayemmi tesind lamayemmi min degen waymira ɣari aṭṭas n mac akil lex taxeyyaṭ nni maca am nni,ɣa smura ɣari ɛawd macakil akiddes timɣarin nni ra taddfen tffɣen lla mayemmi tasind lamayemmi min dhen wami ra ɣari aṭṭas n macakil x taxyyaṭ nni maca amnni,0.2,0.0
REC090_SEG0054,SPK007,tɣimiɣ txeyyadeɣ mayemmi lmacakil lmacakil ira aqqat ɣari akiddsen ira macina nni tenni tamedduketc inu,tɣemisxeyyad xmiyemmi lmac akilir aqqas ɣari akiddsen ira macina nni tenni tamedduketc inu,tɣem sxeyyad xmiyemmi lmac akilir aqqas ɣari akiddsen ira macina nni tenni tamedduketc inu,t msxeyyad xmi mmi maca kiliraqqas ɣari akidsen ra macina nni tenni tamedduketc inu,0.2,0.0
REC090_SEG0055,SPK007,yeɛni tfaraɣeɣ manayenni ɣari adaxer tfaraɣeɣ di macina nni mara aqay d ak macina farḥeɣ ḥsen ma ad ɣimmeɣ ak idsen mayemmi,iɛni tfaraɣ x manayenni ɣariɣ add axer tfareɣ x dhimacina nni mera qa yd ak macinafarḥeɣ ḥsen maad dɣim xakiddsen mayemmi,iɛni tfaraɣ x manayenni ɣariɣ add axer tfareɣ x dhimacina nni mera qa yd ak macinafarḥeɣ ḥsen ma ad dɣim xakiddsen mayemmi,ini tfaraɣ x manayenni ɣari ad axer tfareɣ x dimacina nni mara qa ak macina farḥ ḥsen ma ad dɣim x akidsen mayemmi,0.2,0.0
REC090_SEG0056,SPK007,mermi mma nniɣ c n wawar wer ǧi bu amenni ta azzun zeɛma azzun axmi,mermi mma nnix ca n wawar wer dji buam nni ta azzunzɛma azzun axmi,mermi mma nnix ca n wawar wer ji buam nni ta azzun zɛma azzun axmi,mermimma nniɣ ca n wawar war di bu am nni tazzunzɛma zzun axmi,0.2,0.0
REC090_SEG0057,SPK007,gginay ijj n taḥfat mermi mma azzuɣ ad ffɣeɣ ad siwreɣ manayenni qanay lla ɛqeb din amenni ira amenni ḥayat nni aqat ɣari qanay,gina yejjenn taḥfat mermi ma zzux ad deffɣeɣ ɣad d ssiwe x maniynni qarnaye lla ɛqeb din amenni amenni ḥayatennieraqat ɣari qarnay,gina yejjenn taḥfat mermi ma zzux dad deffɣeɣ ɣad d ssiwer x maniynni qarnaye lla ɛqeb din amenni amenni ḥaya tenniraqat ɣari qarnay,ina ijjenn taḥfat mermi ma zzux ad d ffɣ ad ssiwe x man nni qa na lla ɛqeb din amenni amenni aya t n iraqat ɣari qarnay,0.2,0.0
REC090_SEG0058,SPK007,axmi cemm wa tskkʷid walu axmi min ma ggiiɣ wa ǧi bu amenni lmuhim rebda ira teggennay,axmi cemmu t s kkwid walu xmi min ma gi x wajibu amenni lmuhim rebda ira tegennaya,axmi cemmu t s kkwid walu xmi min mma gi x wajibu amenni lmuhim rebda ira tegennaya,axmi cemmu t s kid walu xmi min ma i x wajibu am nni lmuhim rebda ra tgennaya,0.2,0.0
REC090_SEG0086,SPK007,netta wa cem ixes ca wah iwa qa manayenni qaɣas ruxa wa ɣars lḥayat nnes di bara netta ɛawed lmuckil xmi tɛeṣsab ira icatay ira iccatay weǧi zeɛma iccatay am ya waha zaɛma,netta wa cem ixca wahiwaqa manayenna qa ɣars ruxawa ɣars n lḥayet nnesdibara netta ɛawed lmuckil xmi tɛeṣsab iraycatay iraecatay weji zɛma yecatay am ya waha zma,netta wa cem ix ca wahiwaqa manayenna qa ɣars ruxawa ɣars n lḥayet nnesdi bara netta ɛawed lmuckil xmi tɛeṣsab iraycatay iraecatay weji zɛma yecatay am ya waha zma,netta wa cem i ca wa iwa qa mana nni qa ɣar s ruxawa ɣarsen lḥayet nnes di barra nettaɛawed lmuckil xmi tɛeṣsab iryay iryatay wi ma ca ta am ya waha za,0.2,0.0
REC090_SEG0087,SPK007,ɛad qa rux rux mecḥar n ssna,ɛadd qa ruxmecḥal nnessna,ɛadd qa ruxmecḥal nnessna,ɛad qa ruxmecḥal nnsna,0.2,0.0
REC090_SEG0088,SPK007,ruxa ṭnɛac n ssna zggami fɣaɣ ak ides ɛad dayi rima di guɛra inu n min ira icatay ruxa netta wa ǧi ira xmi ytɛeṣsab ad iccat minzi ma ɣas d lkas nix taziyyat nix,ruxa ṭnac nessena z ggami fɣahakidh sɛa da yerima ddhi guɛra inu n min ira yecata ruxa netta war ji yira xmi ytɛeṣsab ad eccat minnzi ma ɣarsd ikas nix taziyyat nix,ruxa ṭnac nessena z ggami fɣa kidh sɛa dda yerima ddhi guɛra inu min ira yecata ruxa netta wad dji yira xmi ytɛeṣsab ad eccat minnzi ma ɣarsd yi kas nix taziyyat nix,ruxa ac n ssa zgamifɣa akid s ɛad da yiri ma ddiguɛra inu min irayecata ruxa netta war ci ra xmi tɛasab ad iccat minzi ma ɣar sdikas niɣ taziyyat nix,0.2,0.0
REC090_SEG0089,SPK007,lmuhim umi ira aqqay suɛeddis yewtay ɣa uɛeddis inu ira ɣari mmi damezwaru aɛeddis inu niɣas wa ssineɣ manaya mamamam ma ad yedda ma lmuhim kiɣ aṭṭas lmacakil ak ides,umir qqay s uɛeddis yewta yɣa ɛeddis inu iraɣarimmi d amezwarutaɛeddis inu niɣa ssawessin x manaya mamamam mama d yeddama lmuhima kixaṭṭas lmacakil akids,umir qqay s uɛeddis yewta yɣa ɛeddis inu iraɣarimmi d amezwaruta ɛeddis inu niɣa sawessin x manaya mamamm mama d yddama lmuhima kix aṭṭas lmacakil akidds,umi aqa suɛeddis iwta ɣa aɛeddis inu iraɣarimmi d amezwaru ta ɛaddis inu niɣ a s wassin x manaya ma ma ma ma d yddama lmuhima kixaṭṭas lmacakil akidds,0.2,0.0
REC090_SEG0091,SPK007,ruxa yemmas ɣas kif kif ruxa mayemmi qa netta tiɛic lḥayat nni ira ayaz iccatit tqqaram tqqaram nurmal a cem iccat ṣafi nurmal kemmer x lḥayat nnem,ruxayemmas ɣars kif kif ruxa mayemmi qa neta tiɛic lḥayat nni yera ayez yeca titqqarama tqqārammnurmala cemi ecca ṣafi nurmal kemmer x lḥayat nnem,ruxayemmas ɣars kif kif ruxa mayemmi qa neta tiɛic lḥayat nni yera ayez ye ca titqqarama tqqārammnurmala cemi ecca ṣafi nurmal kemmer x lḥayat nnem,ruxayemmas ɣar s kifkifruxa mayemmi qa netta tiɛic lḥayat nni ra ayez i ca tt qqar qqar nurmala cem ca ṣafi nurmal kemmer x lḥayat nnem,0.2,0.0
REC090_SEG0210,SPK007,tɣaren zzays imken wa azzun ca atiri blay wa azzun ca addeḥec tamɣat azzu tamɣat rebda ad ṭsenneṭ i netta maɛlic mammec tegga ɣa d axer maɛlic lmuhim ad ṭsennet min yqqar netta,tɣāren zzays imken wazzun ca tiri bla iwezzun ca ddeḥec tamɣatu azzu tamɣat rebda ad ṭsenneṭi netta maɛlic mam cegeɣa d axer maɛlic lmuhim ad ṭsennet min yqqar nettaqimafiɛ,tɣāren zzays imken wazzun ca tiri bla iwezzun ca ddeḥec tamɣatu azzu tamɣat rebda ad ṭsenneṭi netta maɛlic mam cegeɣa d axer maɛlic lmuhim ad ṭsennet min yqqar nettaqimafiɛ,tɣāren zzays imken wazzun ca tiri bla iwa zzun ca ddeḥec tamɣatu izzu tamɣart rebda ad ṭsenneṭi netta maɛlic ma ɣa daxer maɛlic lmuhim ad ṭsennet min qqar netta maci,0.2,0.0
REC090_SEG0211,SPK007,maca neṭsennat xezzareɣ yeɛni maɣa txeyyiqen x min nefaḥ lbaɛad nsen fehmed,maca neṭsednad xzzareɣ iɛni maɣa txeyyiqen x min nefraḥ lbaɛadh nsen thehmedh,maca neṭsednad xzzareɣ iɛni maɣa txeyyiqen x min nefraḥ lbaɛadh nsen thehmedh,maca ndsednad xzar ini ma ɣa txeyyiqen x min nfraḥ lbaɛdh nsen thamedh,0.2,0.0
REC090_SEG0213,SPK007,yeɛni mani tuɣ tellid ked di taddat nni ak d eks nnem tuɣ ddeḥaccen di taddat lla lla,iɛni mani texsedlidh ked dhi thaddarth nni akedh akes nnem teqddeḥer can dhi thaddartlala,iɛni mani texsed lidh ked dhi thaddarth nni akedh akes nnem teqddeḥer can dhi thaddartlala,ini mani texsdlidh di taddart nni ak d akes nnem tuɣa ca di taddart lla,0.2,0.0
REC090_SEG0214,SPK007,qlil,qlil,qlil,qlil,0.2,0.0
REC090_SEG0215,SPK007,wer tegid d ggid diprissif di lweqt nni,wer thdegid d aypresif di lweqt nni,wer thdegid d aypresif di lweqt nni,war t di d aypresif di lweqt nni,0.2,0.0
REC090_SEG0216,SPK007,waxxa gex dipresir awar ssawarex ca mayemmi qa yraɣar yemma dhi lmeɣrib iraɣari wa ɣari ḥedd dad ihulanda ḥum ad yiri ṭṭarf inu ad ayinia min ɣa tged amin ɣa tegged,waxxa gex dipresir awar ssawarex ca mayemmi qa yraɣar yemma dhi lmeɣrib iraɣari wa ɣari ḥedd dad ihulanda ḥum ad yiri ṭṭarf inu ad ayinia min ɣa tged amin ɣa tegged,waxxa gex dipresir awar ssawarex ca mayemmi qa yraɣar yemma dhi lmeɣrib iraɣari wa ɣari ḥedd dad ihulanda ḥum ad yiri ṭṭarf inu ad a yinia min ɣa teged amin ɣa tegged,waxxa g x dipresir awar ssawarex ca mayemmi qa ra ɣar yemma di lmeɣrib iraɣari wa ɣari ḥedd da d ihulanda um ad yiri ṭṭarf inu ad yini a min ɣa tged amin ɣa tgged,0.2,0.0
REC090_SEG0219,SPK007,ira ira tḥissa tḥissa maca war tennid i yemmam,ira ira tḥiɣssa mac ayssarma thawerd thenni dhi yemmam,ira ira tḥiɣssa mac ayssarma thawerd thenni dhi yemmam,ra ra tḥissa maca ssa ma thawerd tenni dhiyemmam,0.2,0.0
REC090_SEG0220,SPK007,yemma ira aqat di lmeɣrib wa uzzemaɣ necc ad ḥkkiɣ lmacakil inu i yemma min ɣa day teg yemma qa rux mammec tini baɛɛed ssenni lla lla nec mammec twariɣ,yemma iraqaddi lmeɣribuazzemax nec ad ḥkkix llmaca kilinuyimma min ɣa day tegimma qarux mamc tinibaɛdh ssenni lla lla nec mamc twarix,yemma iraqaddi lmeɣribu azzemax nec ad ḥkkix llmaca kilinuyimma min ɣa day tegimma qarux mamc tinibaɛdh ssenni lla lla nec mamc twarix,yemma irqa di lmaɣribu zzman ad ḥi x maca kilinu yimma min ɣa daytegimma qarux ma tinibaɛdh ssenni lla lla n ma twarix,0.2,0.0
REC090_SEG0221,SPK007,bnadem mara ɣars lmacakil ixessam ad tegged lḥell i ixfennem wa din raj ijj a cem iɛawen maci wa ytɛiwin ca dam yini ffaɣ d manayenni maca ixessam cem i ɣa teged manayenni wa dam yeɛjib ca rḥar,bla demmara ɣars lmacakir ixessam ad tegged lḥell ixef nnem wa d yin ura d ijja cem iɛawen weci ww ytɛiwin ca dam yiniy ffaɣed manayenni maca ixessam cem i ɣa teged manayenni wer dam yeɛjib ca rḥar,bla demmara ɣars lmacakir ixessam ad tegged lḥell ixef nnem wa d yin ura d ijja cem iɛawen weci w w ytɛiwin ca dam yiniy ffaɣed manayenni maca ixessam cem i ɣa teged manayenni wer dam yeɛjib ca rḥar,bra demmara ɣar s macakir ixssam ad tigged lḥl ixef nnem wa din ura d ijja cem ɛawen we ci wa ytɛiwin ca d am yini ffɣd manayenni maca ixsamcem i ɣa tged manayenni war d am yɛjib ca rḥar,0.2,0.0
REC090_SEG0222,SPK007,ffeɣ qa qa lḥayas qa waji ad tkemmer din waḥa ad tebda mani nneɣni ad tegged min texsed muhim ad tawded mani tazzud ad tawded mara texsed can lḥajjet,ffeɣ qqa lḥayas qa waji ad tkemmer dhin waḥa ad tebda manay nneɣnay ad teged min texsed muhima d tawded manitazud ad tɛwded mera sxsed ca lḥajet,ffeɣ qqa lḥayas qa waji ad tkemmer dhin waḥa ad tebda manay nneɣ nay ad teged min texsed muhima d tawded manitazud ad tawded mera sxsed ca lḥajet,ffeɣqqa lḥayas qa waji ad tkemmer din waha ad tebda mana nneɣnay ad t d min texsed muima d tawded mani tazud ad tawded mara s ca lḥajet,0.2,0.0
REC090_SEG0223,SPK007,ggit mammec xezzaɣ necc,git mamec xezzaɣ nec,git mamec xezzaɣ nec,jit mammec x zzaɣ nc,0.2,0.0
REC090_SEG0224,SPK007,maca s maqlek xzeɣ denni lbaɛd n thimɣarin wa zemmerent adraḥent wa ɣasent yeɛni wi mayendaam yucin lquwwa cem waha qa yeqseḥ rḥar waǧi qqaɣam sawareɣ ak idem amya waha qa rad necc ira aqay,maca s maqlek xzeɣ denni lbaɛd n thimɣarin wa zemmer nta draḥent wa ɣasent iɛni wi mayendaam yucin lquwwacem waha qa yeqseḥ rḥar wejeqqa amessawarex akiddem mami a waha qara nnes iraqaya,maca s maqlek xzeɣ denni lbaɛd n thimɣarin wa zemmer ntha draḥent wa ɣasent iɛni wi mayendam yucin lquwwacem waha qa yeqseḥ rḥar wejeqqa amessawarex akiddem mami a waha qara nnes iraqaya,maca smaqlek xza denni lbaɛd n timɣarin wa zemmerntha d ruḥent wa xasent ini wi andam ucin lquwwacem waha qa yeqseḥ rḥar wajqa am ssawareɣ akiddem am a waha qara nnes iraqaya,0.2,0.0
REC090_SEG0225,SPK007,ɣ waɣari ḥed da di hulanda ruḥeɣ zi tandit ɣar tandint,ɣ waɣara ḥedded ad ihulanda ruḥexed zi thandit ɣar tandint,waɣara ḥedded ad ihulanda ruḥ xed zi thandit ɣar thandint,wa ɣar ḥadded ad ihulanda ruḥ x d zi tandint ɣar tandint,0.2,0.0
REC090_SEG0226,SPK007,umi umi umi ruḥeɣ a tandit nneɣmi nneɣni qa ruxa axmi ussiɣd ira aqqay ḥitac asna ak ides axmi usiɣ d ɛad zi lmeɣrib ira wa ssineɣ walu ira yeqsaḥ rḥar truɣ sǧirad qaɣas,umimi umi ruḥɣa tandit nneɣmi nneɣni qaruxa axmi ireqqayetneɣ eḥdac asnakides axmi usiɣ d ɣɛad zi lmeɣrib ira wassin x walu ira yeqsaḥ lḥarira trux s jirad qaɣas,umi umi ruḥɣa thandit nneɣmi nneɣni qaruxa axmi ireqqayetneɣ eḥedac asnakides axmi usiɣ d ɣɛad zi lmeɣrib ira wa ssin x walu ira eqsaḥ lḥarira trux s jirad qa ɣas,umi umi ruḥ ɣa tandint nni nneɣni qaruxa axmi ireqqayet nneɣ ḥdaasna kides axmi usiɣ d ɛad zi lmeɣrib ra wa ssin x walu ra eqsaḥ rḥarira truxs jirad qa ɣars,0.2,0.0
REC090_SEG0227,SPK007,qqaɣas manaya waxxa amenni ira qqaɣas truɣ truɣ uca tnekkaɣ qqaɣas ruxa ɣari tawa inu ɣari ixessa i walabudda adiiɣ starek eqseḥ cwayt maca amenni mamec xezzaɣ necc,eqqa ɣas manaya wexxa amennirqqa ɣas trux truxuca tnekka qqa ɣas xarux aɣar itawa inu ɣar ixesa iwala buddad yirixester starek eqseḥ c wayt maca amenni mamec xezzax nec,eqqa ɣas manaya wexxa amennirqqa ɣas trux truxuca tnekka qqa ɣas xarux a ɣar itawa inu ɣar ixesa iwala buddad irixester starek eqseḥ c wayt maca amenni mamec xezza x nec,aqa as manaya waxxa amenni aqa ɣar truxtrux uca tnekka qa as xarux a ɣar i tarwa inu ɣar ixesa iwalabudda di ixsar starek iqseḥ cwayt maca amenni ma xza x nec,0.2,0.0
REC090_SEG0228,SPK007,reqsuḥit nni iqesḥen bnadem waxxa iqseḥ erḥar maca in anderkant aqay efray,reqsuḥit nni qesḥen bnademwwwex qesḥerḥar maca in anderkant aqa yefray,reqsuḥit nni qesḥen bnademwwwex qesḥerḥar maca in anderkant aqa yefray,reqsuḥit nni qesḥen bnadem x qsḥrḥar maca n anderkant aqa yfray,0.2,0.0
REC090_SEG0229,SPK007,manayenni a manayenni a ira ira,manayennia manayennia ira ira,manayennia manayennia ira ira,manayennia manayennia ra ira,0.2,0.0
REC090_SEG0230,SPK007,ira iɛejbay zeɛma teggeɣ min xsaɣ waxxa iqseḥ waxxa iqes erḥar maca ṭṭfeɣ taddat inu ruxa uca tiɛiceɣ mammec xseɣ necc waxxa ytiri ṣṣiɛab di lḥayat maca qa ḥsen zi lmacakil ni ira am di taddat d umeneɣi nni d weɛmud,ira yɛejba ezɛma tegexmin xsax waxxa qwexxa yqes ḥerḥar maca ṭṭfex teddat inu luxxa ucet iɛic x mamc xsx nec waxxa ytiri ṣṣiɛab di lḥayat maca qa ḥsen zi lmacakil nira am dhi theddat d umeneɣi nnidwɛ,ira yɛejba yzɛma tegexmin xsax waxxa qwexxa yqes ḥerḥar maca ṭṭfex teddat inu luxxa ucet iɛic x mamc xsx nec waxxa ytiri ṣṣiɛab di lḥayat maca qa ḥsen zi lmacakil nira am dhi theddat d umeneɣi nniydwɛ,irayɛejba zeɛma t x min xsax waxxa waxxa qesḥerḥar maca ṭṭfex t ddat inu uxxa uct ij x ma x x n waxxa tiri ṣṣiɛab di lḥayat maca qa ḥsen zi lmacakil nira am di taddart d um nɣin nni dw,0.2,0.0
REC090_SEG0231,SPK007,nni ad tirid weḥddem ḥsen ebe cmeradic iɛawnicem rebbi,dnnid ad tiri d weḥddem ḥsenebe cmeradicɛacem arebbi,dnnid ad tiri d weḥddem ḥsenebe cmeradicɛacem arebbi,nni d ad tiri d ḥdemḥsen mri cem arebbi,0.2,0.0
REC090_SEG0232,SPK007,rebbi yeɛni wer das eɛejeb cay mara bnadem t steɛmered xefs,arebbi iɛni wer das eɛejeb cay mera bnadem th steɛmered ɣefs,arebbi iɛni wer das eɛejeb cay mera bnadem thh steɛmered ɣefs,arebbi ini war das ijbcay mara bnadem t steɛmer d ɣafs,0.2,0.0
REC090_SEG0234,SPK007,mammec tuɣa dam d yusa lḥal yeɛni tuɣa trebbid tawa nnem maca ad tuɣa ɛemmred s lmacakil,ammamic tuɣdam d yusa lḥal iɛni tuɣ ritrebbi tarwa nnemmac ad tuɣ ɛemmereṭ se lmacakil,ammamic tuɣdham d yusa lḥal iɛni tuɣ ritrebbi tarwa nnemmac ad tuɣ ɛemmereṭ se lmacakil,amamic tuɣdham d yusa lḥal ini tuɣi trebbi tarwa nnem maca tuɣɛemmer s lmacakil,0.2,0.0
REC090_SEG0235,SPK007,ḥaqqan ira ɣari lmacakil aṭṭas maca umi ad texreq ɣari yeǧi tamezwarut ira iɛejbay rḥar mayemmi,ḥaqqa nira ɣarin macakil aṭṭas maca umi txereq ɣari yeji tamezwarut ira eɛejba erḥar mayemmi,ḥaqqa nira ɣarin macakil aṭṭas maca umi txereq ɣari yeji tamezwarut ira eɛejba erḥar mayemmi,ḥaqqa nira ɣari macakil aṭṭas maca umi txereq ɣari i tamezwarut i ra ɛjba rḥar mayemmi,0.2,0.0
REC090_SEG0236,SPK007,axmi ira rahiɣ ak ides teggeɣas mecdeɣas teggeɣas arrud nnes,axmi ra rahix akides teɣas mecdeɣ ɣar teg ɣars arrud nnas,axmi ra rahix akides te ɣas mecdeɣ ɣars teg ɣars arrud nnas,axmi ra rahi akides tas mceɣ ɣar ɣar s arud nnas,0.2,0.0
REC090_SEG0237,SPK007,axmi ira aqqat efrindin inu umir aqqat d tamezyant ira teɛjibay ya ɛejbennay iḥenjan waxxa ira terhid ag tawa nnem wah ira rhiɣ wah,axmi raqqa tefrindin inu umir aqqad thamezyant ira teɛjibayya ḥijbenna eḥenjanwextyidhaketarwa ira rhix wa,axmi raqqa tefrindin inu umir aqqad thamezyant ira teɛjibayya ḥijbenna ḥenjanwextyidhaketarwa ira rhix wa,axmi irqa tfrindin inu umiraqqa tamezyant ra teɛjib aya ibna ḥnjanwe d ak tarwa ra rhixwa,0.2,0.0
REC090_SEG0238,SPK007,d xemmi tuɣ t truḍ niɣ tmenɣan akidem man tuɣ tegged yeɛni s lebzawz nnem,dhxemmi tuɣ s trudh niɣ tmenɣan akidham man tuɣ tegedha iɛni s lebzauz nnem,dhxemmi tuɣ s trudh niɣ tmenɣan akidham man tuɣ tegedha iɛni s lebzauz nnem,d xmi tuɣsetrudh niɣ tmenɣan akidham man tuɣtegedha ini s lebzauz nnem,0.2,0.0
REC090_SEG0239,SPK007,ira aktariya waruɣ ca ɛemmas waruɣ ṭṭafi ṭawa inu ɛemmas ira wa wa azzuɣ ca aday xzaren necc truɣ ira rebda ad xmi truɣ sǧiret,ira aksariya ɛemmas waru x ṭafiṭawa inu irwer zzux ca ad daye xzaren nec trux ira rebdad xmitrux s jiret,ira aksariya ɛemmas waru x ṭafiṭawa inu irwer zzux ca ad day xzaren nec trux ira rebdad xmi trux s jiret,ira aksariya ɛemmas warux ṭafiṭawa inu war zzux ca ad dayi xzarn n truḥ irha rebda xmi trux s jiret,0.2,0.0
REC090_SEG0240,SPK007,mani wa day zarr ḥedd,mani war day zarr ḥedd,mani war day zar r ḥedd,mani war dayi zar ḥadd,0.2,0.0
REC090_SEG0241,SPK007,ṣafi rexdenni mesḥeɣ iṭṭawin inu safi tnekkaɣ axmi war yuwqiɛ ca amenni ra tafeɣ days arraḥet cwayt maca ad ruɣ ṭṭafi can ijj n lla wa zemmaɣ ktra ṭawa inu wa zemmaɣ necc necc addruɣ ṭṭaf nsen,ṣafi rexdinni meseḥ t iṭṭawi inu safi tnekka x xmi war ewqiɛ ca amenni rataf x ddays arraḥ t cwaytmeca add addru x ṭṭafi can ijjen nlla war zemmaɣ ktra ṭawayn wer zemmax n addrux ṭṭaf nsen,ṣafi rexdinni meseḥ t iṭṭawin inu safi tnekka xmi war ewqiɛ ca amenni rataf x ddays arraḥ t c wayt meca add addru x ṭṭafi can ijjen nlla war zemmaɣ ktra ṭawayn wer zemmax n addrux ṭṭaf nsen,ṣafirexdi nni s tiṭṭawin inu safitnekka xmi war wqiɛ ca amenni rataf x dayes arraḥet cwayt maca add addru x ṭṭafi ca n ijjen lla war zemmaɣ trata wa n war zemma n addrux ṭṭarf nsen,0.2,0.0
REC090_SEG0242,SPK007,mayemmi ira azzuɣ rebda tawa inu adqqimen adqqimen wa teggen ca wa ḥezznen ca wa teggen ca lmuhim amya i tawra nnem mammec ǧan ruxa aqaṭen lḥamdu lillaḥ,mayemmi raɛazzu x rebda ṭawinnaddeqqimen wer tegen ca weḥezznen ca wer tegen ca lmuhim aminitharba nnem mamec dla nluxaaqa tenḥam dur illaḥ,mayemmi raɛazzu x rebda ṭawin qnadd eqqimen wer tegen ca weḥezznen ca wer tegen ca lmuhim ami nitharba nnem mamec dla nluxa aqa tenḥam dur illaḥ,mayemmi ra ɛazuxrebda win ad qqimen war ten ca weḥezznen ca war tggen ca lmuim am ini tarwa nnem am dla nluxa aqa tenḥam d ur illaḥ,0.2,0.0
REC090_SEG0243,SPK007,ɣari rebɛa n tawa inu ɣari tnayen tiḥenjirin d tnayen iḥenjan lhamdu lillah tggen gut di skul nsen yeǧi txeddem akidi,ɣari rebɛad n tawa inu ɣari tiḥenjirin tnaen iḥenjan lḥam dur yillah segen xuta d i sxur nsen yeji txeddem akidi,ɣari rebɛad n tawa inu ɣari tiḥenjirin tnaen iḥenjan lḥam dur yillah segen xuta d i sxur nsen yeji txeddem akidi,ɣari rebɛad n tarwa inu ɣari tiḥnjirin tnayn iḥenjan lḥamdur illa sen xuta d isxur nsen jitxeddem akidi,0.2,0.0
REC090_SEG0245,SPK007,min ma azzun ad ggen cawarennay tegennay axmi tamedduketc nsen wa ziyyax ca aṭṭas lmuhimm necc xezzaɣ ɛawed,min maɛzzun ad ggen cawarenaytegennaya axmi tamedduket c nsen wa ziyyax ca aṭṭas lmuhimma nc x zzaq ɛawed,min maɛzzun ad gen cawarenay tegennaya axmi tamedduket c nsen wa ziyyax ca aṭṭas lmuhimma nc x zzaq ɛawed,min maɛzzun ad ggen cawarenay tgennaya axmi tamdduket ca nsen wa ziyyax ca aṭṭas lmuhimma n xzzaq ɛawed,0.2,0.0
REC090_SEG0246,SPK007,wa day teɛjib ca aziyyar nni mayemmi ira ziyyan xafi necc wazzux ca adziyyaɣ x ṭawa inu mayemmi ɛawed ffeɣ ɛawed qa xasen,wer day teɛjib ca aziyyarnni mayemmi ira dziyyan xafi nec wazzux ca dziyya x ṭawa inu mayemmi ɛawed ffeɣ x ɛawed qa xasen,wer day teɛjib ca aziyyarnni mayemmi ira dziyyan xafi nec wa zzux ca dziyya x ṭawa inu mayemmi ɛawed ffeɣ x ɛawed qa xasen,war da teɛjib ca aziyyarnni mayemmi ra dziyyan xafi n war zzux ca dziyya x tarwa inu mayemmi ɛawed ffeɣ x ɛawed qa xasen,0.2,0.0
REC090_SEG0247,SPK007,qaɣas ruxa ad mɣan adyiri ɣasen ad iɛicen mammec ɛiceɣ necc wa azzuɣ ca manayenni i tawa inu,qa ars uxad mɣarna ad yiri ɣarsen ad ɛicen mamec ɛic x nec wa zzux ca ytarwa inu manayenni,qa ars uxa d mɣarna ad yiri ɣarsen ad ɛicen mamec ɛic x nec wa zzux ca ytarwa inu manayenni,qa ars uxadem ɣar na ad yiri ɣarsen ad icen ma i n wa zzux ca tarwa inu manayenni,0.2,0.0
REC138_SEG0001,SPK010,ffɣent ijj n trata n tḥenjirin ɣar reɛrassi,tenbeddent ṭṭaf ijen feddanan,tenbeddent ṭṭaf yijen ufeddanan,inbeddent ṭṭarf ijjen ufuddanan,0.2,0.0
REC138_SEG0002,SPK010,beddent ṭṭarf i ijj n ufeddan n yirden,iɛdenbeddent ṭṭaf iufeddan nni iɛdhen,iɛdenbeddent ṭṭaf iufedden nni iɛdhen,iɛdenbedden ṭṭarf iwfedden nni iɛdhen,0.2,0.0
REC138_SEG0003,SPK010,beddent ṭṭarf i ufeddan nni n yirden,wcathennas yectenthnas af ddan temmai bayenila bab nnes labas xas,wcathennas ectenthnas af ddan temmai bayenila bab nnes labas xas,cathennas ctennas afddan tma bayen il bab nnes labasxas,0.2,0.0
REC138_SEG0004,SPK010,u ca tenna as icten tenna as afeddan ittsemma bayen illa bab nnes labas xas,edhad z edhadema thammeɣ tameqqrarn dhicufeddaennadhi niɛdhan nilɛaxiri,edhad z edhadema thammeɣ tameqqrarn dhicufeddaynna dhi niɛdhan ilɛaxiri,da zi da d ma tamar tameqqrarn dcufedda na di n adhan i lɛaxiri,0.2,0.0
REC138_SEG0005,SPK010,iḍehhar dd tammurt d tameqqrant ijj n ufeddan n yirden ila axirih,duɣa degyijen nlweqxemiben lemɣa yiweṣsad ditɛawadheremrec,duɣa degyijen n weq xemiben lemɣa yiweṣsad ditɛawadheremrec,tuɣa yijjen n wuqxmiben ɣa yusa di tɛawader mrec,0.2,0.0
REC138_SEG0006,SPK010,tuɣa deg ijj n rweqt xmi dd ɣa taweḍ ṣṣabeyt ittɛawad remrak,ec ṭeran icten zzaysentnasemmeri wyayi bab ufeddana,ec ṭeḥran icten zzaysent nasemmeri wyayi bab ufeddana,itran icten zzaysent n as mara uya i bab ufeddana,0.2,0.0
REC138_SEG0007,SPK010,ijj n teḥrant icten zzaysent tennas mara yiwey ayi bab n ufeddan a,adas geɣ thamarra qs ijen tḥebbuc hu,adas geɣ thamarra qs ijen n tḥebbuc hur,adas ggiɣ thamarra s ijjen n tḥebbuct hu,0.2,0.0
REC138_SEG0008,SPK010,ad as ggeɣ tamarraqt s ijj n tḥebbuyt n ubaw,neḍnni hennasaw ddimeriwya yinec w bab munasa bab,neḍnni hennasaw ddimeri wya yinec w bab munasa bab,nni inna as di miriw ya yinec bab musa bab,0.2,0.0
REC138_SEG0009,SPK010,tenn n iḍen tennas aweddi necc mara yiwey ayi bab n winat a eh bab n ufeddan a,ufeddana adas geɣ ijwns temmeɣ ijen tcnifs zijen tḥebbucth,ufeddana adhas geɣ ijnwns temmeɣ ijen tcnifs zijen tḥebbucth,ufeddana adas geɣ is tma ijjen tcnifs ijjen tḥebbuct,0.2,0.0
REC138_SEG0010,SPK010,ad as ggeɣ ijj n winat ittsemma ijj n teknift s ijj n tḥebbuyt n irden,adhenthennuɣ nni wesseradheh nnas mera yewi adzejeɣ aḥenjar dayes duru di thenyath,adhenthennuɣ nni wesseradheh nnas mera yewi adzejeɣ aḥenjar dayes duru di thenyath,adhan t nnuɣ nni wissradheh nnas mara yiwi azjeɣ aḥanjar dayes dduru di thnyath,0.2,0.0
REC138_SEG0011,SPK010,ten n nneḍni wis trata tenna as mara yiwey ayi ad as jjeɣ aḥenjir dayes duru di tenyart,duruḍitheniathixsadh yini biennahuɣ dhaysezzin niɣ dayes,duruḍitheniathixsadh yini biennahuɣ dhaysezzin niɣ dayesh,duruḍith na thixsadh yini binnahuɣ daysezzin niɣ days,0.2,0.0
REC138_SEG0012,SPK010,duru di tenyart ixs ad yinni bi annahu dayes zzin niɣ dayes ittecceɣ dd zzayes zzin,tcceɛed zzays zzin qasma ɣa zzurudihni,cceɛed zzays zzin qas ma ɣa zzurud ihni,d zzayes zzinqas ma ɣa hirudihni,0.2,0.0
REC138_SEG0013,SPK010,qqarn as ma ɣars duru di tneyart,ḥenni bab nniu ufedden,ḥenni bab nniu ufedden,nni bab nni ufedden,0.2,0.0
REC138_SEG0014,SPK010,xenni bab nni n ufeddan tuɣa ittesra yasent,iw,qiw,wi,0.2,0.0
REC138_SEG0015,SPK010,yiwey itent s trata,lmuhimer am yhent yiw ilaxiri inesi thenni das innan dhas geɣ ijen tcnif zijn tḥebbet nnidhen nnis iwagihijen tcnif zi tḥebbuct nnirdhen tɛejezh,lmuhimer am yhent yiw ilaxirih inesi thenni das innan dhs geɣ ijen tcnif zij tḥebbet nnidhe nnis iwagi h ijen tcnif zi tḥebbuct nnirdhen tɛejezh,lmuhimer am yen yiwi illaxiri ini tenni da innan d sgeɣ ijjen tcnif zi tḥebbet ad nnes iwa iijjen ci zi tḥebbuct nnidhen tz,0.2,0.0
REC138_SEG0016,SPK010,lmuhim arami tent yiwey ila axirih inna as i tenni d as innan ad as ggeɣ ijj n teknift s ijj n rḥebbet n irden inna as iwa egg ayi taknift ijj n teknift nni egg ayi tt s ijj n tḥebbuyt n irden teɛjez war tzemmar,innaasih nnuḍli das innana das geɣtha thmarra qs ic n ḥebbucth wawinnasiiwa ged thamerra qsi,innaasih nnuḍli das innan das geɣtha thmarra qs ic n ḥebbucth wawinnasiiwa ged thamerra qsi,innaasih nni da innan da irha tamara qs ic n tḥebbuct wawan as iwa akid tamara qi,0.2,0.0
REC138_SEG0017,SPK010,inna as i ten nneḍni i d as innan ad as ggeɣ tamarraqt s ijj n tḥebbuyt n ubaw inna as iwa egg dd tamarraqt s ijj n tḥebbuyt n ubaw,tweeteɣlasadantemmaywya ɛala iyin thenneḍmi u aɛejzent snay nesen,twe teɣlasadantemma ywya ɛala iyin thenneḍmi u aɛejzent snay nesen,tt lasadant ma uya ɛalaiyin thenneḍmi u zensnay nsen,0.2,0.0
REC138_SEG0018,SPK010,ttɣir as ɛala ayyin ten nneḍni ha ɛejzent s tnayen idsent,thnnuḍenis innanas dhjejɣaḥenja r ɣas dduruditnni,thnnuḍenis innanas dhjejɣaḥenja r ɣas dduruditnni,thnuḍnis nnan as dɣaḥenja ar ɣa s dduruditnni,0.2,0.0
REC138_SEG0019,SPK010,ten nnezḍni i d as innan ad as dd jjeɣ aḥenjir ɣars duru di tenyart,hadter adrajen r ɣar arɣa th arul innawa wa ssin ca mammamcr mac d d ɣa ixreq uḥenjar nni fɛlin arumi d ixreq uḥenjar nnihixreqd,hadter adrajen r ɣar ar ɣa tharul innawa wa ssin ca mammamcr maec d d ɣa ixreq uḥenjar nni f ɛlin arwumi d ixreq uḥenjar nnih ixreqd,t l adrajen ɣar ar ɣa tharul inna wa wa ssin ca am maca ma d d ɣa ixreq uḥenjar nni fɛlinar umi d x uḥenjar nni ixr,0.2,0.0
REC138_SEG0020,SPK010,ad rajan ar ɣa taru li annahu war ssinen ca mamek dd ɣa ixreq uḥenjir nni fiɛlan armi dd ixreq uḥenjir nni ixreq dd ɣars duru di tenyart,ixniw tizrin amezwaru tnan ninnteḥramenthnni n temɣar,ixniw tizrin amezwaru tnen ni nnteḥramenthnni n temɣari,xni tizrin amezwaru tnayn nn tḥramen nni n t mɣar,0.2,0.0
REC138_SEG0021,SPK010,xenni u t iẓrin amezwaru d tnayen nni n teḥramin tnayenni n temɣarin nni,iɣārentzzayes li,iɣārentzzayes li,ɣar zzayes li,0.2,0.0
REC138_SEG0022,SPK010,ɣirnt zzayes li annahu,u mid imiɣ xes nt yazz,u mid imiɣ xes nt yazz,u mirimiɣ ixs n t yazz,0.2,0.0
REC138_SEG0023,SPK010,mya di mya ad xasent yazzer,sarawem ithnenni ythkemmer a war nnes thejjedd aḥram ɣars dheruditn,sarawem ithnenni ythkemmer a war nnes thejjedd aḥram ɣars dheruditn,sram it nni thkemmer awar nnes thjjedd aram ɣar dhrudit,0.2,0.0
REC138_SEG0024,SPK010,arami tenni tkemmer awar nnes tejja dd aḥram ɣars duru di tenyart,ythwalakin dh nelmi ɛejzent ydhinfekkarnt nih n tibi ennawa xmin d ɣa yas ad yafnican nih ntin xas nt yazzedhadh jilleh nni,sythwalakin dh nelmi ɛejzent ydhi fekkarnt nih n tibi ennawa x min d ɣa yas ad yafnican nih tin xas nt yazzedhadh jilleh nni,ythwalakin d umi ajzent di fikkarnt ni n tinnawa x min d ɣa yas ad yafnican ni tina xasent yazzed ad jilleh nni,0.2,0.0
REC138_SEG0026,SPK010,min xedment fekkarent xarrasent jarrasent,ksin taḥenjar nni temma uw yenna tɣa ɣa yijen n tussath sbeɛdhentɛni buc,ksin taḥenjar nni temma uw yennad tɣa ɣa yijen n thussath sbeɛdhen thɛni buc,ksin taḥenjar nni tma u yina t ɣa ɣa ijjen n tussath baɛdhen t ni wuc,0.2,0.0
REC138_SEG0027,SPK010,ksint aḥenjir nni ittsemma wyen net ɣar ijj n twessart beɛɛdent yeɛni ukarn t,qessenteswayti menasthi,qessen teswayti menasthi,qessent swin thi,0.2,0.0
REC138_SEG0028,SPK010,qessent cway n winat tireṭṭ nnes,nnes gintas dh gqummum,nnes gintas dh gqummum,nnes ittas degqummum i,0.2,0.0
REC138_SEG0029,SPK010,ggin t as deg uqemmum i temɣart nni yurwen,qadm sɣa gin gineswaytizamegqemmum emmuɣ min nesnnnannes qathqa thurwith qa thca mmis mni desnnesnnan thiwayaz nnes qarn qa tur,qa dwm sɣa gin gineswaytizame guqemmum emmuɣ min nesnna nnes qa thqa thurwith qa th ca mmis mnni desnnesnnan thiwayaz nnes qarn qa tur,qa d isɣa ggin i s wtizame gqemmum ammu min as na nnes qa qa hurwith qa t ca mmis nni ass nnan thiyaz nnes qa qa tur,0.2,0.0
REC138_SEG0030,SPK010,ar ami d as ɣa ggent ggint as cwayt n idammen deg uqemmum ammu min das nnant nnant as aqa turu it aqa tecca mmis amenni i d as nnant i wargaz nni nnant as aqa turu aqa tecci t,lmuhiem ṣafi netta yqtan ɛbi ennahu qafiiɛlen ilaxiri yufa yidhammengqummum nnes innaas qa thatha qqa thecan mmis lmuhimmma xas yuzzir ci walakin yjjit thxeddem dhi hedd,lmuhi m ṣafi netta yqtan ɛbi ennahu qaf ɛlen ilaxiri yufa ydhammengqummum nnes innas qa thatha qqa thecan mmis lmuhim ma xas yuzzir ci walakin yjjit thxeddem dhi hdd,lmuhim ṣafi netta yqtanɛbi nnhuqaf ɛlen laxiri yufa idammen gqummum nnes inna as qa thatha qa thcan mmis lmuhim ma xas yuzzir ci walakin ijji thxeddem di hdd,0.2,0.0
REC138_SEG0032,SPK010,tteṭṭes di deg winat tteṭṭes di mamek d as qqarn di tɣaɣart,dhetres tɛicice lmḥayad d cweyet theqseḥ muhim egest ɛuquba weaḥenjar nni etmemma emɣār tuɣa thad dcar nni wum h henni iwum twcint imɣār imɣār yilaxirih bda ytirak iqqrin nnes nnanasaw ddiqac qa yinni iɣa tɛiced qaw dcadh yemmec dhbabec muhim kun marac qqar asih henniithi arbbaniqas ixsedhihiinidh man wenni jan dbaqa iḥramen ek dhttira qqana qaw nniɣ yinni dwa tcedhdh immec d babec wlabu ddan nebrem yerzzux laṣel,dhetres tɛic ce lmḥayad cweyet theqseḥ muhim egest ɛuquba weaḥenjar nni etmemma emɣār tuɣa thad dcar nni wum h henni iwum twcint imɣār imɣār yilaxirih bda tirak iqqrin nnes nnanas aw dd iqac qa yinni i ɣa tɛiced qaw dcadh yemmec dhbabec muhim kun marac qqar asihh hennih arbbaniqas ixsedhihiinidh man wenni jan dbaqa iḥramen ek dhttira qqana qaw nniɣ yinni dhwa tcedhhdh immec d babecd wlabu ddan nebrem yerzzux laṣel,dhetres tɛic cenḥaya cwayt thqseḥ uhim gastɛuquba wah n jar nni tma imɣar tuɣa t d dcar nni umi d nni um twcint imɣar imɣar ilxirih ibda tirakiqrin nnes nnanas ad di qa qa yinni i ɣa tɛiced qa d ca d ima d babac muimmkun mara qqar as yinni hi arbban qa s ixs dihinidh man wenni jan dbaqa iḥra man ikdhttira qqan qa nniɣ yinni hwa tcedd ima d babac wlabu ddin nbrem yarzu x laṣel,0.2,0.0
REC138_SEG0034,SPK010,ittsemma tufa kur nnhar kur nnhar kur nnhar tenna as lḥaqiqa tenna as ha min iweqɛen ha min iweqɛen ha min iweqɛen,lmuhimi ad temmin yqerrer bac adhirḥad yerzu ximasd babes,lmuhimi ad temmin yqerrer bac adh rḥad yerzu ximasd babes,lmuhimi ad tmmin yqerrer bac ad rḥad yarzu ximasd babs,0.2,0.0
REC138_SEG0035,SPK010,lmuhimm ittsemma iqerrer bac ad iraḥ ad yarzu x yemmas d babas,min kis uwi iwi kis hɣar,min kis uwi iwi kis hɣar,min kis wi wi kis hɣar,0.2,0.0
REC138_SEG0036,SPK010,min kides yiwi yiwey akides tɣaṭ,iwekis sluki wkis ḥkum,qiwekis sluki w kis ḥkum,wi kis sluki kis um,0.2,0.0
REC138_SEG0037,SPK010,iwey akides sslugi yiwey akides ḥacakum aqzin,wca i iruḥ t meriḥlebcaḥdh,wca i iruḥ t meriḥlebcaḥdi,wciɣ i iruḥ t mara ḥaca ḥdi,0.2,0.0
REC138_SEG0038,SPK010,u ca iruḥ ttsemma di arriḥla bac ad yarzu x babas d yemmas,ixenni jmeɛdh ixef,ixenni jmeɛdh ixe,ixenni jmeɛdh ix,0.2,0.0
REC138_SEG0039,SPK010,i xenni jjmaɛet i xef ɣa ikk niɣ ddcar,qanasebḥ,qan asebḥ,qqan asbḥ,0.2,0.0
REC138_SEG0040,SPK010,qqarn as subḥanllah,lali enna hhɣa twmunkk uscen ucen waytmunakgeqzan muhim deggadh can lḥac thaqed dhayes xni qanassemḥarla netta ytaadd xasem qa thamart ca mmis idhen mara yina wa tmunen idhen mimc ge hmr,lali enna hɣhɣa twmunkk uscen ucen wa munakgeqzayn muhim deggadh can lḥac thaqed dhayes xni qa nassemḥarla netta taadd xasem qa thamart ca mmis idhen mara yina wa tmunen idhen mimc ge hmr,lli inna hh ɣa wcen ccen wa munqzan muim d ggadh ca ḥacthaqed dayes xni qa nassemḥar lla netta ta dd xasen qa tamɣart ca mmis idhen mara yina wa t munen dhen mi h,0.2,0.0
REC138_SEG0043,SPK010,ittsemma babas d yemmas ḥaqiqiyyin,lmuhima ruḥa ɣas ɣar babas nni ytaras dhif llah yssidhfidh di laxiri innas qa nec qa tmage xmi dhan weji waha wu innas qqan xseɣṭtas themɣar nni yterasen teṭsendith ɣar ɣart atas akineɣ theqqim adwum theqqim themɣar nni ekkescectammu thzrith daysnthsqqan ddulu dithenyat,lmuhima ruḥa ɣas ɣar babas nni ytaras dhif llah yssidhfidhdi laxiri innas qa nec qa tmage xmi dhan weji waha w innas qqan xseɣṭtas themɣar nni yterasen teṭsendith ɣar ɣart atas akineɣ theqqim adwum theqqim themɣarh nni ekkescec tammu hzrith dhays n thsqqan ddulu dithenyat,lmuhima ruḥ as ɣar babas nni ytaras dhif lla ssidfidh di laxiri inna qa n qa tma xmi danweji waha inna as qqan xseɣ tas thamɣar nni itrasen ṭendith ɣar ɣart attas akineɣ thqqim ad teqqim temɣar nni kkescect ammu hzrith dayi qqan dduru di thnyat,0.2,0.0
REC138_SEG0044,SPK010,lmuhimm iruḥ ɣars ɣar babas nni ittar as ḍifllah issidef it ila axirih inna as aqa necc aqa igga axmi d anewji waha inna as qa xseɣ tamɣart nni ittrassen itteṭṭsen di tɣaɣart xseɣ ad kidneɣ t ad kidneɣ teqqim rami teqqim temɣart nni ikkes tcacciyt ammu teẓri t dayes mamek d as qqarn duru di tenyart,ixnni issnen temma yella dh mmis illan mmis i dhas iɛawedhi babas n lḥikaya mamc thwqeɛ ixnni h innaas i themɣarh nni xuḥkkem xasent xniyen a dam yejin temma thadita thḥkkem xasentadheqqiment lmudda nniɣ i teqqimen tath tkarfs marra tras ṭsdhidh ɣarɣath i laxiri lmudda nni xmi ɣa thekemmel lmudda nni add addawi niksen hendssekken xnnh,ixnni issnen temma yella dh mmis illan mmis iy dhas iɛawedhi babas n lḥikaya mamc thwqeɛ ixnni h innaas i themɣarh nni xu ḥkkem xasent xniyen a dam yegin temma thadinta thḥkkem xasentadheqqiment lmudda nniɣ i teqqimen tath tkarfs marra tras ṭsdhidh ɣar ɣath i laxiri lmudda nni xmi ɣa thekemel lmudda nni dd addawi niksen hendssekken xnh,x nni issnen tma lla d mmis illa mmis idas iɛawedh i babas n lḥikaya mammec hwqeɛ x nni inna as i themɣarh nni xuḥkkem xasent xni a da iggin tma tanita tḥkem xasent ad qqiment lmudda nniɣ i teqqim tt tcarfs marra trasṭsdi d ɣar ɣath i laxiri lmudda nni xmi ɣa thekemel lmudda nni dd ad awi n ksin ssekken nh,0.2,0.0
REC138_SEG0046,SPK010,ɣanim d aziza ad t qessen,sn ad aha nssekkensen je nsen temmaḥkem xasends l iɛdam lmadhbada d wa lɛuquba i das n tega hemɣarnni wci kkammathar qqars ṣebḥan llah damuɣar tcammi,ssn ad aha nssekkensen je nsen temma ḥkem xasends l iɛdam lmadhbadha d wa lɛuquba i das n tega hemɣarnni wci kkammathar qars ṣebḥan llah damuɣar tcammi,sen ad hanssekke nsen jjen nsen tma m xasen s l iɛdam lmadhba da d wa lɛuquba idsen tiga hmɣarnn iwc kkamathar qqar ṣṣbḥan lla d am ɣar tcammi,0.2,0.0
REC138_SEG0047,SPK010,ad tent ssekkent sennej nsent ittsemma teḥkem xasent s l iɛdam ittsemma d wa d lɛuquba i d asent tegga temɣart nni u ca iqqim lmatal iqqar as sebḥanallah tamɣart tecca mmis,sn ad aha nssekkensen je nsen temmaḥkem xasends l iɛdam lmadhbada d wa lɛuquba i das n tega hemɣarnni wci kkammathar qqars ṣebḥan llah damuɣar tcammi,ssn ad aha nssekkensen je nsen temma ḥkem xasends l iɛdam lmadhbadha d wa lɛuquba i das n tega hemɣarnni wci kkammathar qars ṣebḥan llah damuɣar tcammi,sen ad hanssekke nsen jjen nsen tma m xasen s l iɛdam lmadhba da d wa lɛuquba idsen tiga hmɣarnn iwc kkamathar qqar ṣṣbḥan lla d am ɣar tcammi,0.2,0.0
